"seqnames","start","end","width","strand","count","name","exon","intron","utr5","utr5.","utr3","utr3.","intergenic","mirna","annot","target_gene","hvak.hva.padj","hvak.hva.log2FC","seed.8mer","seed.7m8","seed.7A1","seed.6mer","target_Ensembl_ID","target_Uniprot_ID","target_Entrez_ID"
"chr1",74421778,74421835,58,"+",66336,"peak9052","Vil1","Vil1",NA,NA,NA,NA,FALSE,NA,"exon","Vil1",0.207929165434647,0.946991770372152,"miR-194-5p, miR-132-3p/212-3p",NA,NA,"miR-141-5p/6769b-3p","ENSMUSG00000026175","Q62468","22349"
"chr1",89520889,89520950,62,"+",12208,"peak9604",NA,"Agap1",NA,NA,NA,NA,FALSE,NA,"intron","Agap1",0.694658453604791,0.269818040938498,"miR-194-5p",NA,"miR-132-3p/212-3p",NA,"ENSMUSG00000055013","Q8BXK8","347722"
"chr1",127379439,127379489,51,"+",6832,"peak10246",NA,"Mgat5",NA,NA,NA,NA,FALSE,NA,"intron","Mgat5",0.202685062991595,1.18355307645055,"miR-194-5p",NA,"miR-21-3p, miR-328-3p",NA,"ENSMUSG00000036155","Q8R4G6","107895"
"chr1",130835449,130835502,54,"+",10815,"peak10424",NA,"Pigr",NA,NA,NA,NA,FALSE,NA,"intron","Pigr",0.471139241715026,0.490526008066266,"miR-194-5p",NA,NA,NA,"ENSMUSG00000026417","O70570","18703"
"chr1",36423396,36423451,56,"-",9919,"peak12758","Lman2l","Lman2l",NA,NA,"Lman2l","Lman2l",FALSE,NA,"utr3","Lman2l",0.924097328107734,0.0851489306878205,"miR-194-5p",NA,NA,"miR-1198-5p","ENSMUSG00000001143","P59481","214895"
"chr1",55086762,55086812,51,"-",10899,"peak13341","Hspd1","Hspd1",NA,NA,NA,NA,FALSE,NA,"exon","Hspd1",0.114791212823117,1.14297072194925,"miR-194-5p",NA,"miR-21-3p, miR-328-3p","miR-139-5p, miR-221-3p/222-3p","ENSMUSG00000025980","P63038","15510"
"chr10",19603872,19603934,63,"+",5318,"peak17078","Ifngr1","Ifngr1",NA,NA,NA,"Ifngr1",FALSE,NA,"utr3*","Ifngr1",0.639606320454823,0.290912108412809,"miR-194-5p",NA,NA,"miR-1198-5p, miR-16-1-3p","ENSMUSG00000020009","P15261","15979"
"chr10",42700761,42700818,58,"+",31745,"peak17634","Ostm1",NA,NA,NA,"Ostm1",NA,FALSE,NA,"utr3","Ostm1",0.276114408075894,0.911244526674608,"miR-194-5p",NA,"miR-194-5p",NA,"ENSMUSG00000038280","Q8BGT0","14628"
"chr10",42833855,42833909,55,"+",14378,"peak17668",NA,NA,NA,NA,NA,"Sec63",FALSE,NA,"utr3*","Sec63",0.66219817147361,0.281688462941705,"miR-194-5p",NA,"miR-30a-3p/30d-3p/30e-3p","miR-183-3p","ENSMUSG00000019802","Q8VHE0","140740"
"chr10",57809067,57809112,46,"+",6796,"peak17837","Smpdl3a",NA,NA,NA,NA,NA,FALSE,NA,"exon","Smpdl3a",0.851424046876672,-0.119958800046182,"miR-21-3p, miR-194-5p",NA,NA,NA,"ENSMUSG00000019872","P70158","57319"
"chr10",84604973,84605025,53,"+",5121,"peak18954","Tcp11l2",NA,NA,NA,NA,NA,FALSE,NA,"exon","Tcp11l2",0.112585580185306,1.06220460794565,"miR-21-3p, miR-194-5p",NA,NA,"miR-29-3p","ENSMUSG00000020034","Q8K1H7","216198"
"chr10",12808682,12808737,56,"-",16566,"peak20441",NA,"Utrn",NA,NA,NA,NA,FALSE,NA,"intron","Utrn",0.060023875765016,1.63538881844008,"miR-194-5p","miR-484, miR-328-3p","miR-26-5p","miR-125ab-5p/351-5p","ENSMUSG00000019820","O08614","22288"
"chr10",92711234,92711291,58,"-",7382,"peak22246","Nedd1",NA,NA,NA,"Nedd1","Nedd1",FALSE,NA,"utr3","Nedd1",0.773587244358673,0.178889160651876,"miR-194-5p, miR-132-3p/212-3p","miR-674-5p",NA,NA,"ENSMUSG00000019988","P33215","17997"
"chr11",45861622,45861675,54,"+",11361,"peak24234",NA,"Clint1",NA,NA,NA,NA,FALSE,NA,"intron","Clint1",0.239590041934423,0.918234537574315,"miR-194-5p",NA,NA,NA,"ENSMUSG00000006169","Q99KN9","216705"
"chr11",83955974,83956032,59,"+",7714,"peak26937","Ddx52",NA,NA,NA,NA,NA,FALSE,NA,"exon","Ddx52",0.202130901546594,0.75746797490152,"miR-194-5p",NA,"miR-21-3p","miR-141-5p/6769b-3p","ENSMUSG00000020677","Q8K301","78394"
"chr11",101581403,101581474,72,"+",5613,"peak28177","Nbr1",NA,NA,"Tmem106a","Nbr1","Nbr1",FALSE,NA,"utr3","Nbr1",0.155342090557014,0.812589223901728,"miR-194-5p",NA,NA,NA,"ENSMUSG00000017119","P97432","17966"
"chr11",117813575,117813632,58,"+",5568,"peak28970","Syngr2","RP23-268N22.1",NA,NA,"Syngr2","Syngr2",FALSE,NA,"utr3","Syngr2",0.721980086480901,0.243979991562935,"miR-194-5p",NA,NA,NA,"ENSMUSG00000048277","O55101","20973"
"chr11",30140540,30140596,57,"-",73784,"peak30205","Sptbn1",NA,NA,NA,NA,NA,FALSE,NA,"exon","Sptbn1",0.319126634492196,0.795615279367372,"miR-194-5p",NA,NA,NA,"ENSMUSG00000020315","Q62261","20742"
"chr11",70977916,70977968,53,"-",21414,"peak31435","C1qbp",NA,NA,NA,"C1qbp",NA,FALSE,NA,"utr3","C1qbp",0.561346258443495,0.478274824931381,"miR-21-3p, miR-194-5p",NA,NA,NA,"ENSMUSG00000018446","O35658","12261"
"chr12",81631762,81631807,46,"+",6952,"peak36675","Ttc9","Ttc9",NA,NA,NA,NA,FALSE,NA,"exon","Ttc9",0.196991082287264,0.943575780294503,"miR-194-5p, miR-132-3p/212-3p","miR-135ab-5p",NA,"miR-484","ENSMUSG00000042734","Q3V038","69480"
"chr12",21323958,21324027,70,"-",8560,"peak37821","Adam17",NA,NA,NA,"Adam17",NA,FALSE,NA,"utr3","Adam17",0.180420295749241,0.93802028693524,"miR-26-5p, miR-194-5p","miR-185-5p",NA,"miR-484","ENSMUSG00000052593","Q9Z0F8","11491"
"chr12",91638792,91638847,56,"-",7508,"peak38977","Ston2",NA,NA,NA,"Ston2",NA,FALSE,NA,"utr3","Ston2",0.0878255942011371,1.2823392415508,"miR-194-5p, miR-132-3p/212-3p",NA,"let-7-5p/miR-98-5p","miR-7-5p, miR-1198-5p, miR-340-5p","ENSMUSG00000020961","Q8BZ60","108800"
"chr12",101894255,101894301,47,"-",74391,"peak39119","Trip11","Trip11",NA,NA,NA,NA,FALSE,NA,"exon","Trip11",0.29725987985873,0.802868741638737,"miR-194-5p",NA,NA,NA,"ENSMUSG00000021188","Q811I5","109181"
"chr13",23757294,23757363,70,"+",8800,"peak40036","Hist1h4b",NA,NA,NA,"Hist1h4b",NA,FALSE,NA,"utr3","Hist1h4b",0.255485444840172,0.605737486015719,"miR-194-5p",NA,"miR-132-3p/212-3p",NA,"ENSMUSG00000069266","P62806",NA
"chr13",63293935,63294003,69,"+",7301,"peak41026",NA,"AC130827.2",NA,NA,NA,NA,FALSE,NA,"intron","AC130827.2",0.132777250298686,0.978268692536789,"miR-194-5p",NA,"miR-132-3p/212-3p","miR-141-3p, miR-139-5p",NA,"NA",NA
"chr13",8805417,8805483,67,"-",10463,"peak41925","Wdr37",NA,NA,NA,"Wdr37","Wdr37",FALSE,NA,"utr3","Wdr37",0.149974197885135,1.01539702819018,"miR-194-5p","miR-196-5p","miR-532-5p",NA,"ENSMUSG00000021147","Q8CBE3","207615"
"chr13",31880108,31880166,59,"-",16613,"peak42357",NA,"Gmds",NA,NA,NA,NA,FALSE,NA,"intron","Gmds",0.263071467986601,0.856019941565746,"miR-194-5p","miR-141-3p","miR-146ab-5p, miR-132-3p/212-3p","miR-324-3p, miR-16-1-3p","ENSMUSG00000038372","Q8K0C9","218138"
"chr14",73239202,73239263,62,"+",7060,"peak46376","Lpar6",NA,NA,NA,NA,NA,FALSE,NA,"exon","Lpar6",0.279526927679478,0.744437724373129,"miR-194-5p, miR-29-3p",NA,"miR-28-3p",NA,"ENSMUSG00000033446","Q8BMC0","67168"
"chr14",121283127,121283184,58,"+",6497,"peak46983","Farp1",NA,NA,NA,"Farp1",NA,FALSE,NA,"utr3","Farp1",0.545332397703441,0.32041233120387,"miR-21-3p, miR-194-5p",NA,NA,NA,"ENSMUSG00000025555","F8VPU2","223254"
"chr14",45378411,45378467,57,"-",17257,"peak47734","Gnpnat1",NA,NA,NA,NA,NA,FALSE,NA,"exon","Gnpnat1",0.0307237930467316,1.73076282299909,"miR-194-5p","miR-181-5p","miR-132-3p/212-3p",NA,"ENSMUSG00000037722","Q9JK38","54342"
"chr14",57832664,57832718,55,"-",8641,"peak48167","Zdhhc20",NA,NA,NA,"Zdhhc20","Zdhhc20",FALSE,NA,"utr3","Zdhhc20",0.216884391864327,0.90226489838716,"miR-194-5p",NA,NA,"miR-674-5p, miR-425-5p/489-3p","ENSMUSG00000021969","Q5Y5T1","75965"
"chr14",63151231,63151289,59,"-",11318,"peak48272","Fdft1",NA,NA,NA,NA,NA,FALSE,NA,"exon","Fdft1",0.171134292272459,0.782127297395156,"miR-194-5p",NA,NA,"miR-141-5p/6769b-3p","ENSMUSG00000021273","P53798","14137"
"chr14",70139526,70139585,60,"-",7140,"peak48550","Ccar2",NA,NA,NA,NA,NA,FALSE,NA,"exon","Ccar2",0.186775969119456,0.81886731919038,"miR-194-5p",NA,NA,"miR-484","ENSMUSG00000033712","Q8VDP4","219158"
"chr14",70584615,70584669,55,"-",19366,"peak48590","Fam160b2",NA,NA,NA,"Fam160b2",NA,FALSE,NA,"utr3","Fam160b2",0.157702265976693,1.11314771300738,"miR-194-5p",NA,"miR-15-5p/16-5p/195-5p/322-5p/497-5p",NA,"ENSMUSG00000022095","Q80YR2","239170"
"chr15",37360947,37360996,50,"+",5148,"peak49473","Grhl2",NA,NA,NA,"Grhl2","Grhl2",FALSE,NA,"utr3","Grhl2",0.102572899953557,1.05731302734249,"miR-194-5p, miR-132-3p/212-3p",NA,NA,"miR-18-3p/7069-3p","ENSMUSG00000022286","Q8K5C0","252973"
"chr15",59480340,59480392,53,"+",7562,"peak49685",NA,"Nsmce2",NA,NA,NA,NA,FALSE,NA,"intron","Nsmce2",0.191613843335478,1.26878731168438,"miR-194-5p, miR-17-5p/20-5p/93-5p/106-5p",NA,NA,NA,"ENSMUSG00000059586","Q91VT1","68501"
"chr15",96308027,96308077,51,"+",25414,"peak50708",NA,"Arid2",NA,NA,NA,NA,FALSE,NA,"intron","Arid2",0.227056523357532,0.898384735484208,"miR-194-2-3p/6926-5p/7055-5p, miR-194-5p","miR-21-3p",NA,NA,"ENSMUSG00000033237","E9Q7E2","77044"
"chr15",73012829,73012889,61,"-",21233,"peak52184","Trappc9",NA,NA,NA,NA,NA,FALSE,NA,"exon","Trappc9",0.0554631005334909,1.20263758173352,"miR-194-5p","miR-28-5p/708-5p",NA,NA,"ENSMUSG00000047921","Q3U0M1","76510"
"chr16",35106572,35106629,58,"+",14852,"peak55907","Hacd2",NA,NA,NA,"Hacd2",NA,FALSE,NA,"utr3","Hacd2",NA,0.473651899390486,"miR-194-5p",NA,NA,NA,NA,"Q9D3B1","70757"
"chr17",30062109,30062178,70,"+",13157,"peak60204",NA,"Zfand3",NA,NA,NA,NA,FALSE,NA,"intron","Zfand3",0.593765367900565,0.393248921475882,"miR-194-5p","miR-16-2-3p",NA,"miR-340-5p","ENSMUSG00000044477","Q497H0","21769"
"chr17",36907775,36907822,48,"+",6263,"peak60955","Trim31","Trim31",NA,NA,NA,NA,FALSE,NA,"exon","Trim31",0.670977073474474,0.298501767281203,"miR-194-5p","miR-484, miR-183-3p, miR-141-3p",NA,"miR-674-5p","ENSMUSG00000058063","Q8R0K2","224762"
"chr17",74703219,74703287,69,"+",10629,"peak61626","Birc6",NA,NA,NA,"Birc6",NA,FALSE,NA,"utr3","Birc6",0.128308480534295,1.04042783012264,"miR-21-3p, miR-194-5p","miR-29-3p","miR-139-5p",NA,"ENSMUSG00000024073","O88738","12211"
"chr17",34116185,34116230,46,"-",4698,"peak63118","Brd2","Brd2","Brd2","Brd2","Brd2","Brd2",FALSE,NA,"utr3","Brd2",0.890652633858412,0.115069925419667,"miR-194-5p","miR-30-5p/384-5p","miR-340-5p, miR-132-3p/212-3p","miR-21ac-5p","ENSMUSG00000024335","Q7JJ13","14312"
"chr17",35683608,35683667,60,"-",14256,"peak63385","Ddr1",NA,NA,NA,"Ddr1","Ddr1",FALSE,NA,"utr3","Ddr1",0.829959954933741,0.195501852236013,"miR-21-3p, miR-194-5p",NA,NA,NA,"ENSMUSG00000003534","Q03146","12305"
"chr18",35124956,35125026,71,"+",19959,"peak65281",NA,"Ctnna1",NA,NA,NA,NA,FALSE,NA,"intron","Ctnna1",0.456491368820675,0.579747438870054,"miR-194-5p",NA,"miR-24-3p",NA,"ENSMUSG00000037815","P26231","12385"
"chr18",90540723,90540798,76,"+",8130,"peak66847","Tmx3",NA,NA,NA,"Tmx3",NA,FALSE,NA,"utr3","Tmx3",0.368251603877008,0.620093021711737,"miR-194-5p",NA,NA,"miR-194-5p","ENSMUSG00000024614","Q8BXZ1","67988"
"chr19",6976852,6976896,45,"+",22305,"peak68934","Ppp1r14b","Ppp1r14b",NA,NA,NA,NA,FALSE,NA,"exon","Ppp1r14b",0.111552719286821,0.999097358634866,"miR-194-2-3p/6926-5p/7055-5p, miR-194-5p, miR-132-3p/212-3p",NA,"miR-21-3p",NA,"ENSMUSG00000056612","Q62084","18938"
"chr19",47642398,47642449,52,"+",26930,"peak70757","Slk",NA,NA,NA,"Slk",NA,FALSE,NA,"utr3","Slk",0.162681327875338,1.12246264469659,"miR-194-5p",NA,"miR-200-3p/429-3p",NA,"ENSMUSG00000025060","O54988","20874"
"chr19",57985204,57985255,52,"+",5464,"peak71220",NA,"Atrnl1",NA,NA,NA,NA,FALSE,NA,"intron","Atrnl1",0.141716232825416,0.95539780647822,"miR-21-3p, miR-194-5p","miR-200-3p/429-3p",NA,NA,"ENSMUSG00000054843","Q6A051","226255"
"chr19",5842246,5842295,50,"-",5930,"peak71937","Neat1",NA,NA,NA,NA,NA,FALSE,NA,"exon","Neat1",0.574944724962709,-0.380826549159628,"miR-194-5p",NA,"miR-21-3p","miR-17-5p/20-5p/93-5p/106-5p, miR-425-5p/489-3p","ENSMUSG00000092274","NA","66961"
"chr19",8707714,8707775,62,"-",10615,"peak72292","Slc3a2",NA,NA,NA,"Slc3a2",NA,FALSE,NA,"utr3","Slc3a2",0.202730792115824,0.861616433070373,"miR-21-3p, miR-484, miR-194-5p","miR-24-3p",NA,NA,"ENSMUSG00000010095","P10852","17254"
"chr2",30957707,30957767,61,"+",17213,"peak74717","Tor1b",NA,NA,NA,"Tor1b","Tor1b",FALSE,NA,"utr3","Tor1b",0.41951317911837,0.58882890069681,"miR-194-5p",NA,"miR-205-5p, miR-192-5p/215-5p","miR-205-5p","ENSMUSG00000026848","Q9ER41","30934"
"chr2",32232608,32232665,58,"+",10802,"peak74865","Prrc2b",NA,NA,NA,"Prrc2b","Prrc2b",FALSE,NA,"utr3","Prrc2b",0.368251603877008,0.738185513995439,"miR-21-3p, miR-194-5p","miR-484",NA,"miR-24-3p","ENSMUSG00000039262","Q7TPM1","227723"
"chr2",32537670,32537764,95,"+",6486,"peak74901",NA,"Fam102a",NA,NA,NA,NA,FALSE,NA,"intron","Fam102a",0.0307237930467316,2.28499830014512,"miR-194-5p",NA,"miR-21-3p",NA,"ENSMUSG00000039157","Q78T81","98952"
"chr2",68878974,68879031,58,"+",42891,"peak75488",NA,"Cers6",NA,NA,NA,NA,FALSE,NA,"intron","Cers6",0.346119873547316,0.611453096398365,"miR-194-5p, let-7-5p/miR-98-5p",NA,"miR-132-3p/212-3p","miR-196-5p, miR-186-5p","ENSMUSG00000027035","Q8C172","241447"
"chr2",69402932,69402989,58,"+",8245,"peak75623","Dhrs9",NA,NA,NA,"Dhrs9",NA,FALSE,NA,"utr3","Dhrs9",0.112451916852019,1.29744828318865,"miR-182-5p, miR-194-5p",NA,"miR-96-5p, miR-31-5p","miR-186-5p, miR-31-5p","ENSMUSG00000027068","Q58NB6","241452"
"chr2",130424388,130424444,57,"+",12395,"peak77401","Vps16",NA,"Vps16",NA,NA,NA,FALSE,NA,"utr5","Vps16",0.766365507828157,0.201530836036367,"miR-194-5p, miR-132-3p/212-3p",NA,NA,NA,"ENSMUSG00000027411","Q920Q4","80743"
"chr2",181552375,181552443,69,"+",216167,"peak79081","Dnajc5",NA,NA,NA,"Dnajc5","Dnajc5",FALSE,NA,"utr3","Dnajc5",0.626620861920704,0.412267775597754,"miR-194-5p",NA,NA,"miR-24-3p","ENSMUSG00000000826","P60904","13002"
"chr2",60352399,60352448,50,"-",40345,"peak80241","Ly75","Ly75",NA,NA,NA,NA,FALSE,NA,"exon","Ly75",0.414424248389658,0.480228216654957,"miR-194-5p",NA,NA,NA,"ENSMUSG00000026980","Q60767","17076"
"chr2",181232092,181232151,60,"-",7970,"peak83806","Helz2",NA,NA,NA,NA,NA,FALSE,NA,"exon","Helz2",0.727866096568348,-0.249793607914162,"miR-21-3p, miR-194-5p",NA,"miR-103-3p/107-3p","miR-190-5p","ENSMUSG00000027580","E9QAM5","229003"
"chr3",36947881,36947932,52,"+",84411,"peak84358","RP23-243E17.1",NA,NA,NA,"RP23-243E17.1","RP23-243E17.1",FALSE,NA,"utr3","RP23-243E17.1",0.630402846252514,0.34768572653366,"miR-194-5p","miR-15-5p/16-5p/195-5p/322-5p/497-5p",NA,"miR-103-3p/107-3p, miR-484",NA,"NA",NA
"chr3",88538971,88539069,99,"+",8656,"peak85104","Mex3a",NA,NA,NA,"Mex3a",NA,FALSE,NA,"utr3","Mex3a",0.870379742707778,-0.10906164897405,"miR-194-5p, miR-132-3p/212-3p",NA,"miR-3081-3p","miR-24-3p","ENSMUSG00000074480","G3UYU0","72640"
"chr3",90015118,90015161,44,"-",4569,"peak88174","Ubap2l","Ubap2l",NA,NA,NA,NA,FALSE,NA,"exon","Ubap2l",0.968608728075627,0.0321389051010549,"miR-194-5p",NA,"miR-21-3p",NA,"ENSMUSG00000042520","Q91VX2","74383"
"chr3",108108171,108108222,52,"-",32574,"peak88992","Gnai3",NA,NA,NA,"Gnai3","Gnai3",FALSE,NA,"utr3","Gnai3",0.363759653094613,0.419177724403516,"miR-194-5p, miR-200-3p/429-3p",NA,NA,NA,"ENSMUSG00000000001","Q9DC51","14679"
"chr4",45977836,45977888,53,"+",5235,"peak90700",NA,"Tdrd7",NA,NA,NA,NA,FALSE,NA,"intron","Tdrd7",0.225432161219899,0.970299275448419,"miR-194-5p",NA,"miR-132-3p/212-3p",NA,"ENSMUSG00000035517","Q8K1H1","100121"
"chr4",100874593,100874646,54,"+",6503,"peak91515",NA,"Cachd1",NA,NA,NA,NA,FALSE,NA,"intron","Cachd1",0.838364665414055,-0.138270252255113,"miR-194-5p",NA,NA,"miR-186-5p","ENSMUSG00000028532","Q6PDJ1","320508"
"chr4",108332281,108332338,58,"+",7712,"peak91775","Coa7",NA,NA,NA,NA,NA,FALSE,NA,"exon","Coa7",0.372239349841952,0.466478689534768,"miR-194-5p","miR-27-3p","miR-21-3p",NA,"ENSMUSG00000048351","Q921H9","69893"
"chr4",136261927,136261979,53,"+",9899,"peak92949",NA,"Tcea3",NA,NA,NA,NA,FALSE,NA,"intron","Tcea3",0.17491170067416,1.09942070583679,"miR-194-5p",NA,"miR-205-5p, miR-132-3p/212-3p",NA,"ENSMUSG00000001604","P23881","21401"
"chr4",150615009,150615064,56,"+",21318,"peak93775","Rere",NA,NA,NA,NA,NA,FALSE,NA,"exon","Rere",0.218170564919406,0.930419752224155,"miR-194-5p",NA,NA,NA,"ENSMUSG00000039852","Q80TZ9","68703"
"chr4",44149071,44149133,63,"-",11825,"peak94933","Rnf38",NA,NA,NA,NA,NA,FALSE,NA,"exon","Rnf38",0.19415440903469,0.846759812383952,"miR-194-5p",NA,"miR-181-5p",NA,"ENSMUSG00000035696","Q8BI21","73469"
"chr4",56751239,56751289,51,"-",19251,"peak95182","Ikbkap",NA,NA,NA,"Ikbkap",NA,FALSE,NA,"utr3","Ikbkap",0.381485590514048,0.639190677654669,"miR-194-5p",NA,NA,NA,"ENSMUSG00000028431","Q7TT37",NA
"chr4",123401509,123401560,52,"-",15926,"peak96668","Macf1",NA,NA,NA,NA,NA,FALSE,NA,"exon","Macf1",0.605359027394189,0.39216526117014,"miR-194-5p",NA,"miR-19-3p",NA,"ENSMUSG00000028649","Q9QXZ0","11426"
"chr4",132352127,132352195,69,"-",50961,"peak97145","Snhg3","Rcc1",NA,"Rcc1",NA,NA,FALSE,NA,"utr5*","Snhg3 Rcc1",0.105869386053953,0.834274319250333,"miR-194-5p",NA,NA,NA,NA,"Q8VE37",NA
"chr4",155080794,155080841,48,"-",123364,"peak98461","Rer1","Rer1",NA,NA,NA,NA,FALSE,NA,"exon","Rer1",0.26634314102532,1.07298523086382,"miR-194-5p",NA,NA,"miR-30-5p/384-5p","ENSMUSG00000029048","Q9CQU3","67830"
"chr5",20987187,20987245,59,"-",11358,"peak102661","Ptpn12",NA,NA,NA,"Ptpn12",NA,FALSE,NA,"utr3","Ptpn12",0.226211497976165,0.753528745676321,"miR-194-5p",NA,"miR-200-3p/429-3p","miR-15-5p/16-5p/195-5p/322-5p/497-5p","ENSMUSG00000028771","P35831","19248"
"chr5",44029671,44029721,51,"-",8287,"peak103354","Prom1",NA,NA,NA,"Prom1",NA,FALSE,NA,"utr3","Prom1",0.418787654502664,0.460151344048777,"miR-21-3p, miR-194-5p",NA,NA,"miR-200-3p/429-3p, miR-139-3p","ENSMUSG00000029086","O54990","19126"
"chr5",73118433,73118484,52,"-",4860,"peak103871","Fryl","Fryl",NA,NA,"Fryl",NA,FALSE,NA,"utr3","Fryl",0.173281208155305,0.889846208267148,"miR-194-5p","miR-27-3p","miR-132-3p/212-3p","miR-16-1-3p","ENSMUSG00000070733","Q80XD5","72313"
"chr6",7874745,7874801,57,"+",16904,"peak107004","C1galt1",NA,NA,NA,"C1galt1",NA,FALSE,NA,"utr3","C1galt1",0.233895309786223,0.583707177779698,"miR-194-5p",NA,"miR-26-5p",NA,"ENSMUSG00000042460","Q9JJ06","94192"
"chr6",41951684,41951743,60,"+",14403,"peak107763","Sval1",NA,NA,NA,NA,NA,FALSE,NA,"exon","Sval1",0.607572841759183,0.368050997707861,"miR-194-5p",NA,"miR-21-3p",NA,"ENSMUSG00000029865","Q9D2X6","71578"
"chr6",56787830,56787877,48,"-",42948,"peak111234",NA,"Kbtbd2",NA,NA,NA,NA,FALSE,NA,"intron","Kbtbd2",0.177616362855934,1.30108402100664,"miR-194-5p",NA,"miR-25-3p/32-5p/92-3p/363-3p/367-3p",NA,"ENSMUSG00000059486","Q8BSY6","210973"
"chr6",83398855,83398913,59,"-",86534,"peak111651",NA,"Tet3",NA,NA,NA,NA,FALSE,NA,"intron","Tet3",0.188442054512845,1.12611363218614,"miR-194-5p","miR-194-2-3p/6926-5p/7055-5p",NA,NA,"ENSMUSG00000034832","Q8BG87","194388"
"chr6",90968878,90968933,56,"-",6629,"peak112116",NA,"Iqsec1",NA,NA,NA,NA,FALSE,NA,"intron","Iqsec1",0.382323407717656,0.694426447621949,"miR-194-5p",NA,NA,"miR-425-5p/489-3p","ENSMUSG00000034312","Q8R0S2","232227"
"chr6",119934315,119934365,51,"-",9400,"peak112753","Wnk1",NA,NA,NA,NA,NA,FALSE,NA,"exon","Wnk1",0.269912585580418,0.80437056448195,"miR-194-5p","miR-135ab-5p","miR-21-3p",NA,"ENSMUSG00000045962","P83741","232341"
"chr7",16738463,16738522,60,"+",22860,"peak113792","Ap2s1",NA,"Ap2s1","Ap2s1",NA,NA,FALSE,NA,"utr5","Ap2s1",0.00819666024948034,2.03713957669274,"miR-194-5p",NA,NA,NA,"ENSMUSG00000008036","P62743","232910"
"chr7",16833909,16833965,57,"+",32887,"peak113840","Strn4",NA,NA,NA,"Strn4","Strn4",FALSE,NA,"utr3","Strn4",0.053915099236713,1.59276981098257,"miR-194-5p","miR-141-5p/6769b-3p","miR-132-3p/212-3p",NA,"ENSMUSG00000030374","P58404","97387"
"chr7",27638854,27638920,67,"+",19364,"peak114163","Akt2",NA,NA,NA,"Akt2","Akt2",FALSE,NA,"utr3","Akt2",0.182244599547453,1.08217426145444,"miR-194-5p","miR-200-3p/429-3p","miR-21-3p","miR-1198-5p, miR-26-5p, miR-16-2-3p","ENSMUSG00000004056","Q60823","11652"
"chr7",75586186,75586263,78,"+",24078,"peak115013","Akap13",NA,NA,NA,NA,NA,FALSE,NA,"exon","Akap13",0.138410757801982,0.952975517079834,"miR-194-5p",NA,NA,"miR-103-3p/107-3p","ENSMUSG00000066406","E9Q394","75547"
"chr7",97635225,97635277,53,"+",21332,"peak115619",NA,"Rsf1",NA,NA,NA,NA,FALSE,NA,"intron","Rsf1",0.414104150413232,0.688860156884592,"miR-194-5p",NA,NA,NA,"ENSMUSG00000035623","Q3UJ04","233532"
"chr7",122994703,122994748,46,"+",10052,"peak116468","Rbbp6","Rbbp6",NA,NA,NA,NA,FALSE,NA,"exon","Rbbp6",0.567725208854804,0.33988608590636,"miR-194-5p",NA,"miR-21-3p",NA,"ENSMUSG00000030779","P97868","19647"
"chr7",130672967,130673024,58,"+",7793,"peak116858",NA,"Tacc2",NA,"Tacc2",NA,NA,FALSE,NA,"utr5*","Tacc2",0.377959807002648,0.501461072109674,"miR-194-5p",NA,NA,"miR-183-5p","ENSMUSG00000030852","Q9JJG0","57752"
"chr7",4660788,4660844,57,"-",6812,"peak117701","Hspbp1",NA,NA,"Ppp6r1",NA,"Hspbp1",FALSE,NA,"utr3*","Hspbp1",0.275149006311859,0.731211032473028,"miR-194-5p",NA,"miR-21-3p, miR-27-3p",NA,"ENSMUSG00000063802","Q99P31","66245"
"chr7",16032099,16032150,52,"-",13670,"peak117818",NA,"Gltscr1",NA,NA,NA,NA,FALSE,NA,"intron","Gltscr1",0.198566011808154,0.983146781920494,"miR-21-3p, miR-194-5p",NA,NA,"miR-200-3p/429-3p","ENSMUSG00000070808","F8VPZ9",NA
"chr7",24746210,24746261,52,"-",18348,"peak118200","Cd177",NA,NA,NA,NA,NA,FALSE,NA,"exon","Cd177",0.261559598478587,1.06228412964059,"miR-194-5p",NA,NA,NA,"ENSMUSG00000052212","Q8R2S8","68891"
"chr7",24969755,24969808,54,"-",18467,"peak118215","Rabac1",NA,NA,NA,"Rabac1","Rabac1",FALSE,NA,"utr3","Rabac1",0.0308425017812336,1.52229008993696,"miR-194-5p",NA,"miR-21-3p",NA,"ENSMUSG00000003380","Q9Z0S9","14470"
"chr7",24971787,24971854,68,"-",7680,"peak118218","Rabac1",NA,NA,NA,NA,NA,FALSE,NA,"exon","Rabac1",0.0456959130824315,1.30163096657228,"miR-194-5p","miR-103-3p/107-3p, miR-15-5p/16-5p/195-5p/322-5p/497-5p",NA,"miR-186-5p","ENSMUSG00000003380","Q9Z0S9","14470"
"chr7",30187090,30187143,54,"-",14241,"peak118775","Capns1",NA,NA,NA,"Capns1",NA,FALSE,NA,"utr3","Capns1",0.240428704188222,0.787859313985208,"miR-194-5p, miR-574-5p",NA,NA,"let-7-5p/miR-98-5p","ENSMUSG00000001794","O88456","12336"
"chr7",98122383,98122437,55,"-",4983,"peak120261","Capn5",NA,NA,NA,"Capn5","Capn5",FALSE,NA,"utr3","Capn5",0.060005886150544,1.25687508158586,"miR-194-5p",NA,"miR-132-3p/212-3p","miR-574-5p","ENSMUSG00000035547","O08688","12337"
"chr8",11812197,11812254,58,"+",8997,"peak122219",NA,"Arhgef7",NA,NA,NA,NA,FALSE,NA,"intron","Arhgef7",0.673234130099774,-0.361071970782996,"miR-194-5p",NA,NA,NA,"ENSMUSG00000031511","Q9ES28","54126"
"chr8",117452163,117452212,50,"+",46753,"peak124868","Cmip",NA,NA,NA,NA,NA,FALSE,NA,"exon","Cmip",0.557502885553624,0.470693425360273,"miR-194-5p",NA,NA,"miR-28-5p/708-5p","ENSMUSG00000034390","Q9D486","74440"
"chr8",8648422,8648472,51,"-",8729,"peak125360",NA,"Efnb2",NA,NA,NA,NA,FALSE,NA,"intron","Efnb2",0.709682550838571,0.343247379308092,"miR-194-5p",NA,NA,"miR-141-3p","ENSMUSG00000001300","P52800","13642"
"chr8",40554281,40554350,70,"-",6736,"peak125920","Mtmr7",NA,NA,NA,"Mtmr7","Mtmr7",FALSE,NA,"utr3","Mtmr7",0.202953858309981,0.800338745395128,"miR-194-5p",NA,"miR-205-5p, miR-27-3p, let-7-5p/miR-98-5p","miR-22-3p","ENSMUSG00000039431","Q9Z2C9","54384"
"chr8",71457254,71457315,62,"-",6082,"peak126474","Abhd8",NA,NA,NA,NA,NA,FALSE,NA,"exon","Abhd8",0.41951317911837,-0.459665077957221,"miR-194-5p",NA,"miR-21-3p","miR-30a-3p/30d-3p/30e-3p","ENSMUSG00000007950","Q8R0P8","64296"
"chr8",121881224,121881281,58,"-",105962,"peak127856","Slc7a5",NA,NA,NA,"Slc7a5",NA,FALSE,NA,"utr3","Slc7a5",0.477274249384724,0.666254569983303,"miR-194-5p",NA,NA,"miR-484","ENSMUSG00000040010","Q9Z127","20539"
"chr9",44639350,44639408,59,"+",30863,"peak128940","Ddx6",NA,NA,NA,"Ddx6",NA,FALSE,NA,"utr3","Ddx6",0.538013382118423,0.488244794812773,"miR-194-5p, miR-132-3p/212-3p","miR-185-5p, miR-15-5p/16-5p/195-5p/322-5p/497-5p, miR-125ab-5p/351-5p",NA,"miR-103-3p/107-3p, miR-141-3p","ENSMUSG00000037921 ENSMUSG00000032097","P54823","234311 13209"
"chr9",66946830,66946881,52,"+",21054,"peak129733","Rps27l","Rps27l",NA,NA,NA,NA,FALSE,NA,"exon","Rps27l",0.161202237628481,0.895784709869324,"miR-194-5p",NA,NA,NA,"ENSMUSG00000036781","Q6ZWY3","67941"
"chr9",110384640,110384700,61,"+",6758,"peak131129","Scap",NA,NA,NA,NA,NA,FALSE,NA,"exon","Scap",0.271304527773196,0.899751949539099,"miR-194-5p","miR-151-3p",NA,"miR-484","ENSMUSG00000032485","Q6GQT6","235623"
"chr9",110890093,110890165,73,"+",7966,"peak131169","Als2cl",NA,NA,NA,NA,NA,FALSE,NA,"exon","Als2cl",0.08704697587404,1.16565783703763,"miR-194-5p, miR-132-3p/212-3p",NA,NA,"miR-194-2-3p/6926-5p/7055-5p","ENSMUSG00000044037","Q60I26","235633"
"chr9",118970780,118970832,53,"+",4523,"peak131392",NA,"Ctdspl",NA,NA,NA,NA,FALSE,NA,"intron","Ctdspl",0.255207883122195,0.757183431908113,"miR-194-5p",NA,NA,NA,"ENSMUSG00000033411 ENSMUSG00000047409","Q8BG15 P58465","329506 69274"
"chr9",121461013,121461072,60,"+",8659,"peak131576","Trak1","Trak1",NA,NA,"Trak1",NA,FALSE,NA,"utr3","Trak1",0.119425280327417,1.17003852126265,"miR-194-5p",NA,NA,"miR-135ab-5p, miR-139-3p","ENSMUSG00000032536","Q6PD31","67095"
"chr9",44228800,44228852,53,"-",7056,"peak132601",NA,"Cbl",NA,NA,NA,NA,FALSE,NA,"intron","Cbl",0.403633015546149,0.624869899340935,"miR-194-5p, miR-21ac-5p","miR-18-3p/7069-3p","miR-132-3p/212-3p",NA,"ENSMUSG00000022637 ENSMUSG00000034342","Q3TTA7 P22682","208650 12402"
"chr9",50524736,50524785,50,"-",5576,"peak132817","Pts","Pts","Pts","Pts",NA,NA,FALSE,NA,"utr5","Pts",0.203834616690293,0.738292224095168,"miR-194-5p",NA,NA,NA,"ENSMUSG00000032067","Q9R1Z7","19286"
"chr9",52110457,52110512,56,"-",16043,"peak132861",NA,NA,NA,NA,NA,"Zc3h12c",FALSE,NA,"utr3*","Zc3h12c",0.702782889734111,0.252260241419291,"miR-194-5p","miR-200-3p/429-3p",NA,NA,"ENSMUSG00000035164","Q5DTV4","244871"
"chr9",70031847,70031908,62,"-",7878,"peak133518","Gcnt3",NA,NA,NA,"Gcnt3",NA,FALSE,NA,"utr3","Gcnt3",0.0371795634713033,1.40350800633327,"miR-194-5p",NA,"miR-21-3p",NA,"ENSMUSG00000032226","Q5JCT0","72077"
"chr9",71935909,71935972,64,"-",23076,"peak133651",NA,"Tcf12",NA,NA,NA,NA,FALSE,NA,"intron","Tcf12",0.452324147070829,0.539984384973956,"miR-194-5p",NA,NA,NA,"ENSMUSG00000032228","Q61286","21406"
"chrX",10596325,10596376,52,"+",3701,"peak135174","Tspan7",NA,NA,NA,"Tspan7","Tspan7",FALSE,NA,"utr3","Tspan7",0.0474733927186504,1.68553061884051,"miR-194-5p",NA,NA,"miR-194-5p","ENSMUSG00000058254","Q62283","21912"
"chrX",17557603,17557652,50,"-",11564,"peak136882","Fundc1",NA,NA,NA,"Fundc1","Fundc1",FALSE,NA,"utr3","Fundc1",0.987746534104662,0.0114878370015415,"miR-194-5p",NA,"miR-21-3p",NA,"ENSMUSG00000025040","Q9DB70","72018"
"chrX",38421678,38421732,55,"-",107078,"peak136935","Lamp2","Lamp2",NA,NA,"Lamp2",NA,FALSE,NA,"utr3","Lamp2",0.672352235128971,-0.248066120906214,"miR-194-5p",NA,NA,"miR-23-3p","ENSMUSG00000016534","P17047","16784"
"chrX",77761835,77761907,73,"-",6591,"peak137360","Prkx",NA,NA,NA,"Prkx",NA,FALSE,NA,"utr3","Prkx",0.872595153073767,0.106800532306593,"miR-194-5p, miR-139-5p","miR-23-3p, miR-16-1-3p","miR-21-3p, miR-194-5p","miR-181-5p, miR-132-3p/212-3p","ENSMUSG00000035725","Q922R0","19108"
"chr1",16133205,16133278,74,"+",5560,"peak8022","Rdh10",NA,NA,NA,"Rdh10",NA,FALSE,NA,"utr3","Rdh10",0.18218614049106,0.916984929485189,NA,"miR-194-2-3p/6926-5p/7055-5p, miR-194-2-3p/6926-5p/7055-5p, miR-194-5p, miR-34-5p/449-5p, miR-34-5p/449-5p",NA,NA,"ENSMUSG00000025921","Q8VCH7","98711"
"chr1",131161286,131161342,57,"+",110434,"peak10465","Eif2d",NA,NA,NA,"Eif2d","Eif2d",FALSE,NA,"utr3","Eif2d",0.0731360571351755,1.35612430189201,NA,"miR-194-5p",NA,"miR-671-5p, miR-29-3p","ENSMUSG00000026427","Q61211","16865"
"chr1",131933812,131933869,58,"+",4815,"peak10513","Nucks1",NA,NA,NA,"Nucks1","Nucks1",FALSE,NA,"utr3","Nucks1",0.544386394762585,0.349584861102815,NA,"miR-194-5p",NA,"miR-205-5p, miR-30-5p/384-5p, miR-29-3p","ENSMUSG00000026434","Q80XU3","98415"
"chr1",9745513,9745577,65,"-",8681,"peak12359","Vcpip1",NA,NA,NA,NA,NA,FALSE,NA,"exon","Vcpip1",0.498658462970018,0.437647748987192,"miR-21-3p, miR-27-3p, miR-574-5p","miR-194-5p","miR-103-3p/107-3p","miR-425-5p/489-3p","ENSMUSG00000045210","Q8CDG3","70675"
"chr1",36162290,36162348,59,"-",38090,"peak12710","Uggt1",NA,NA,NA,"Uggt1","Uggt1",FALSE,NA,"utr3","Uggt1",0.231212189533079,0.784993762516062,NA,"miR-194-5p",NA,"miR-194-5p, miR-192-5p/215-5p, miR-15-5p/16-5p/195-5p/322-5p/497-5p","ENSMUSG00000037470","Q6P5E4","320011"
"chr1",58903032,58903086,55,"-",11652,"peak13463","Trak2",NA,NA,NA,"Trak2","Trak2",FALSE,NA,"utr3","Trak2",0.0667388738640824,1.48441332216502,"miR-24-3p","miR-194-5p",NA,"miR-193-3p","ENSMUSG00000026028","Q6P9N8","70827"
"chr1",131074815,131074873,59,"-",11591,"peak14832",NA,"Mapkapk2",NA,NA,NA,NA,FALSE,NA,"intron","Mapkapk2",0.214344510111528,0.951266669665964,NA,"miR-194-5p",NA,"miR-23-3p","ENSMUSG00000016528","P49138","17164"
"chr1",133648438,133648487,50,"-",11143,"peak15036",NA,"Zc3h11a",NA,"Zc3h11a",NA,NA,FALSE,NA,"utr5*","Zc3h11a",0.013022033964566,2.76988289969208,"miR-21-3p","miR-26-5p, miR-194-5p, miR-30-5p/384-5p",NA,"miR-141-3p","ENSMUSG00000102976","Q6NZF1","70579"
"chr1",134866719,134866765,47,"-",3982,"peak15134",NA,"Ppp1r12b",NA,NA,NA,NA,FALSE,NA,"intron","Ppp1r12b",0.209290377112813,0.811629940902806,NA,"miR-194-5p",NA,"miR-27-3p","ENSMUSG00000073557","Q8BG95","329251"
"chr1",144001036,144001096,61,"-",16456,"peak15326","Rgs2",NA,NA,NA,"Rgs2","Rgs2",FALSE,NA,"utr3","Rgs2",0.207002085521958,0.989630251759946,"miR-22-3p, miR-96-5p","miR-194-5p","miR-182-5p","miR-18-3p/7069-3p","ENSMUSG00000026360","O08849","19735"
"chr1",160735566,160735621,56,"-",5062,"peak15770","Rabgap1l",NA,NA,NA,NA,NA,FALSE,NA,"exon","Rabgap1l",0.202645943994694,0.901952995222839,"miR-21-3p","miR-194-5p","miR-671-5p",NA,"ENSMUSG00000026721","A6H6A9","29809"
"chr1",164450508,164450562,55,"-",10434,"peak15950",NA,"Atp1b1",NA,NA,NA,NA,FALSE,NA,"intron","Atp1b1",0.790510082948522,0.222839880434105,"miR-200-3p/429-3p","miR-194-5p, miR-141-3p",NA,"miR-324-3p","ENSMUSG00000026576","P14094","11931"
"chr1",191370982,191371030,49,"-",6003,"peak16797",NA,"Ppp2r5a",NA,NA,NA,NA,FALSE,NA,"intron","Ppp2r5a",0.0345327759262968,1.82062423845778,NA,"miR-194-5p",NA,NA,"ENSMUSG00000026626","Q6PD03","226849"
"chr10",58494700,58494762,63,"+",20391,"peak17924",NA,NA,NA,NA,NA,"Ranbp2",FALSE,NA,"utr3*","Ranbp2",0.321316170443424,0.712304081170103,"let-7-5p/miR-98-5p","miR-194-5p, miR-196-5p",NA,NA,"ENSMUSG00000003226","Q9ERU9","19386"
"chr10",79705546,79705596,51,"+",34136,"peak18384",NA,"Bsg",NA,NA,NA,NA,FALSE,NA,"intron","Bsg",0.134343163646966,1.20233718295843,NA,"miR-194-5p","miR-141-3p","miR-194-5p","ENSMUSG00000023175","P18572","12215"
"chr10",19003713,19003762,50,"-",7517,"peak20535","Tnfaip3","Tnfaip3",NA,NA,NA,NA,FALSE,NA,"exon","Tnfaip3",0.134395571139348,1.17272972732001,NA,"miR-194-5p",NA,"miR-34-5p/449-5p","ENSMUSG00000019850","Q60769","21929"
"chr10",79910693,79910745,53,"-",14603,"peak21632","R3hdm4","R3hdm4",NA,"Med16","R3hdm4","R3hdm4",FALSE,NA,"utr3","R3hdm4",0.0760532052991973,1.13133468475783,"miR-132-3p/212-3p","miR-194-5p",NA,"miR-185-5p","ENSMUSG00000035781","Q4VBF2","109284"
"chr10",117061502,117061553,52,"-",9061,"peak22536","Cct2","Cct2",NA,NA,NA,NA,FALSE,NA,"exon","Cct2",0.40086758740992,0.57619245526654,NA,"miR-194-5p, miR-196-5p, let-7-5p/miR-98-5p",NA,"miR-15-5p/16-5p/195-5p/322-5p/497-5p","ENSMUSG00000034024","P80314","12461"
"chr11",6329568,6329628,61,"+",19249,"peak23447",NA,"Ogdh",NA,NA,NA,NA,FALSE,NA,"intron","Ogdh",0.096069941131127,1.20367761665991,NA,"miR-194-5p",NA,NA,"ENSMUSG00000020456","Q60597","18293"
"chr11",60134920,60134972,53,"+",5986,"peak25143",NA,"Rai1",NA,NA,NA,NA,FALSE,NA,"intron","Rai1",0.564873364600481,0.336565551700639,NA,"miR-194-5p","miR-21-3p","let-7-5p/miR-98-5p","ENSMUSG00000062115","Q61818","19377"
"chr11",77273885,77273942,58,"+",12521,"peak26263",NA,"Ssh2",NA,NA,NA,NA,FALSE,NA,"intron","Ssh2",0.312578533464909,0.868863087277434,NA,"miR-194-5p",NA,NA,"ENSMUSG00000037926","Q5SW75","237860"
"chr11",83779545,83779603,59,"+",9706,"peak26920","Heatr6",NA,NA,NA,NA,NA,FALSE,NA,"exon","Heatr6",0.0518575533376984,1.50011922507802,NA,"miR-194-5p","miR-7-5p, miR-181a-1-3p/181c-3p","miR-181a-1-3p/181c-3p","ENSMUSG00000000976","Q6P1G0","217026"
"chr11",83905277,83905363,87,"+",10925,"peak26934","Hnf1b",NA,NA,NA,"Hnf1b",NA,FALSE,NA,"utr3","Hnf1b",0.118415939853861,1.00396595453663,"miR-24-3p, miR-16-1-3p","miR-194-5p, miR-30a-3p/30d-3p/30e-3p",NA,"miR-185-5p, miR-423-5p, miR-200ab-5p","ENSMUSG00000020679","P27889","21410"
"chr11",95768856,95768921,66,"+",5522,"peak27548","Zfp652","Zfp652",NA,NA,"Zfp652",NA,FALSE,NA,"utr3","Zfp652",0.122106337535085,1.06853279099988,NA,"miR-194-5p, miR-139-5p","miR-221-3p/222-3p","miR-218-5p","ENSMUSG00000075595","Q5DU09","268469"
"chr11",3345435,3345511,77,"-",6127,"peak29444","Limk2",NA,NA,NA,"Limk2",NA,FALSE,NA,"utr3","Limk2",0.1203911092986,0.907009394456588,NA,"miR-484, miR-194-5p","miR-27-3p","miR-374b-5p","ENSMUSG00000020451","O54785","16886"
"chr11",77591001,77591058,58,"-",8490,"peak31812",NA,"Taok1",NA,NA,NA,NA,FALSE,NA,"intron","Taok1",0.0781033269642198,1.34785049834262,NA,"miR-194-5p","miR-194-2-3p/6926-5p/7055-5p","miR-192-5p/215-5p","ENSMUSG00000017291","Q5F2E8","216965"
"chr11",100476484,100476566,83,"-",18102,"peak33367","Acly",NA,NA,NA,"Acly",NA,FALSE,NA,"utr3","Acly",0.27611927254416,0.724843323597173,NA,"miR-194-5p","miR-27-3p","miR-674-5p","ENSMUSG00000020917","Q91V92","104112"
"chr11",102479393,102479450,58,"-",5339,"peak33713","Gpatch8",NA,NA,NA,NA,NA,FALSE,NA,"exon","Gpatch8",0.254053225873092,0.666368011258381,"miR-15-5p/16-5p/195-5p/322-5p/497-5p","miR-194-5p, miR-378-3p","miR-34-5p/449-5p","miR-103-3p/107-3p, miR-141-5p/6769b-3p","ENSMUSG00000034621","A2A6A1","237943"
"chr11",120963775,120963834,60,"-",10790,"peak35147","Csnk1d",NA,NA,NA,"Csnk1d","Csnk1d",FALSE,NA,"utr3","Csnk1d",0.299932284246816,0.623650673182221,"miR-18-3p/7069-3p","miR-33-5p, miR-194-5p",NA,NA,"ENSMUSG00000025162","Q9DC28","104318"
"chr12",3816131,3816180,50,"+",10953,"peak35249",NA,"Dnmt3a",NA,NA,NA,NA,FALSE,NA,"intron","Dnmt3a",0.13909117642392,1.08502939309386,NA,"miR-194-5p, miR-196-5p, let-7-5p/miR-98-5p","miR-103-3p/107-3p",NA,"ENSMUSG00000020661","O88508","13435"
"chr12",8734824,8734873,50,"+",6614,"peak35385",NA,"Pum2",NA,NA,NA,NA,FALSE,NA,"intron","Pum2",0.226738507401354,0.865010964247906,NA,"miR-194-5p, miR-30-5p/384-5p","miR-132-3p/212-3p",NA,"ENSMUSG00000020594","Q80U58","80913"
"chr12",76046168,76046220,53,"+",81159,"peak36366","Syne2","Syne2",NA,NA,NA,NA,FALSE,NA,"exon","Syne2",0.0153702089272508,2.13443769814147,"miR-139-3p","miR-194-5p","miR-21-3p, miR-34-5p/449-5p",NA,"ENSMUSG00000063450","Q6ZWQ0","319565"
"chr12",76578549,76578607,59,"+",8304,"peak36415","Plekhg3",NA,NA,NA,"Plekhg3",NA,FALSE,NA,"utr3","Plekhg3",0.0350644839830044,1.62204230481256,NA,"miR-423-5p, miR-194-5p",NA,"miR-423-5p, miR-423-5p","ENSMUSG00000052609","Q4VAC9","263406"
"chr12",31941620,31941675,56,"-",25224,"peak37932",NA,"Hbp1",NA,NA,NA,NA,FALSE,NA,"intron","Hbp1",0.121770793312265,1.41883094364387,NA,"miR-194-5p",NA,NA,"ENSMUSG00000002996","Q8R316 Q9D1N2","73389"
"chr12",51876332,51876385,54,"-",10508,"peak38121","Heatr5a",NA,NA,NA,"Heatr5a",NA,FALSE,NA,"utr3","Heatr5a",0.130721034136165,1.41149903347347,NA,"miR-194-5p",NA,"let-7-5p/miR-98-5p","ENSMUSG00000035181","Q5PRF0","320487"
"chr12",57541840,57541892,53,"-",91184,"peak38265","Foxa1",NA,NA,NA,"Foxa1",NA,FALSE,NA,"utr3","Foxa1",0.304580957748493,0.780563679226056,"miR-210-3p, miR-132-3p/212-3p","miR-194-5p","miR-147-3p",NA,"ENSMUSG00000035451","P35582","15375"
"chr12",87355259,87355317,59,"-",8051,"peak38928",NA,"Sptlc2",NA,NA,NA,NA,FALSE,NA,"intron","Sptlc2",0.469221055054805,0.555090570528903,"miR-21-3p","miR-194-5p",NA,"miR-16-1-3p, miR-340-5p, miR-29-3p","ENSMUSG00000021036","P97363","20773"
"chr13",55315056,55315115,60,"+",15892,"peak40786","Nsd1",NA,NA,NA,"Nsd1",NA,FALSE,NA,"utr3","Nsd1",0.18974817816859,0.976908677819308,NA,"miR-194-5p",NA,"miR-103-3p/107-3p","ENSMUSG00000021488","O88491","18193"
"chr13",53178012,53178063,52,"-",7294,"peak42973",NA,"Ror2",NA,NA,NA,NA,FALSE,NA,"intron","Ror2",0.351244469044164,0.686498489312886,"miR-484","miR-194-5p, miR-24-3p",NA,NA,"ENSMUSG00000021464","Q9Z138","26564"
"chr13",98732113,98732166,54,"-",55640,"peak43937","Fcho2",NA,NA,NA,"Fcho2","Fcho2",FALSE,NA,"utr3","Fcho2",0.481089032663648,0.436492627438161,"let-7-5p/miR-98-5p","miR-194-5p","miR-21-3p, miR-375-3p","miR-196-5p","ENSMUSG00000041685","Q3UQN2","218503"
"chr13",103831532,103831583,52,"-",5170,"peak44279",NA,"Erbb2ip",NA,NA,NA,NA,FALSE,NA,"intron","Erbb2ip",0.107161666691816,1.4028654449645,"miR-21-3p","miR-194-5p, miR-139-5p",NA,"miR-186-5p","ENSMUSG00000021709","Q80TH2",NA
"chr14",16272838,16272894,57,"+",15571,"peak44957",NA,"Ngly1",NA,NA,NA,NA,FALSE,NA,"intron","Ngly1",0.0449798095121148,2.0039170089103,NA,"miR-194-5p, miR-141-5p/6769b-3p, miR-16-1-3p","miR-132-3p/212-3p",NA,"ENSMUSG00000021785","Q9JI78","59007"
"chr14",101910097,101910151,55,"+",8439,"peak46701",NA,"Lmo7",NA,NA,NA,NA,FALSE,NA,"intron","Lmo7",0.123666180652621,1.06276386553333,NA,"miR-194-5p",NA,NA,"ENSMUSG00000033060","E9PYF4","380928"
"chr14",8368810,8368869,60,"-",9218,"peak47114",NA,"Oit1",NA,"Oit1",NA,NA,FALSE,NA,"utr5*","Oit1",0.28034782371214,0.673326269143304,"miR-19-3p","miR-194-5p, miR-574-5p",NA,"miR-34-5p/449-5p","ENSMUSG00000021749","P97805","18300"
"chr14",23499785,23499843,59,"-",7362,"peak47298",NA,"Kcnma1",NA,NA,NA,"Kcnma1",FALSE,NA,"utr3*","Kcnma1",0.124935205798708,1.15936052546752,NA,"miR-194-5p","miR-185-5p, miR-16-2-3p, miR-148-3p/152-3p","miR-193-3p, miR-205-5p","ENSMUSG00000063142","Q08460","16531"
"chr14",60236527,60236583,57,"-",10301,"peak48236",NA,"Nupl1",NA,NA,NA,NA,FALSE,NA,"intron","Nupl1",0.307848581689515,0.728268401187374,"miR-132-3p/212-3p","miR-194-5p",NA,"miR-196-5p","ENSMUSG00000063895","Q8R332","71844"
"chr14",62737012,62737061,50,"-",6962,"peak48263",NA,"Ints6",NA,NA,NA,NA,FALSE,NA,"intron","Ints6",0.0621450264430344,1.70081794620978,NA,"miR-194-5p",NA,NA,"ENSMUSG00000035161","Q6PCM2","18130"
"chr14",72600603,72600654,52,"-",6820,"peak48657",NA,"Fndc3a",NA,NA,NA,NA,FALSE,NA,"intron","Fndc3a",0.145498476259327,1.24657745508073,"miR-21-3p","miR-194-5p","miR-139-5p",NA,"ENSMUSG00000033487","Q8BX90","319448"
"chr14",75739028,75739077,50,"-",6831,"peak48745",NA,"Cog3",NA,NA,NA,NA,FALSE,NA,"intron","Cog3",0.141085391288212,0.962627019895088,NA,"miR-194-5p","miR-132-3p/212-3p",NA,"ENSMUSG00000034893","Q8CI04","338337"
"chr14",99084863,99084910,48,"-",4584,"peak48835","Dis3","Dis3",NA,NA,NA,"Dis3",FALSE,NA,"utr3*","Dis3",0.146315856186742,1.01814963418202,NA,"miR-194-5p",NA,NA,"ENSMUSG00000033166","Q9CSH3","72662"
"chr15",6798266,6798324,59,"+",9610,"peak49108","Rictor",NA,NA,NA,"Rictor",NA,FALSE,NA,"utr3","Rictor",0.180909732630688,0.940007708873473,"miR-132-3p/212-3p","miR-194-5p",NA,NA,"ENSMUSG00000050310","Q6QI06","78757"
"chr15",82204057,82204107,51,"+",7101,"peak50404","Srebf2",NA,NA,NA,"Srebf2",NA,FALSE,NA,"utr3","Srebf2",0.0525718001579974,1.26886952921905,"miR-193-3p","miR-194-5p","miR-21-3p","miR-182-5p, miR-96-5p, miR-328-3p","ENSMUSG00000022463","Q3U1N2","20788"
"chr15",101196018,101196061,44,"+",26167,"peak50922",NA,"Acvr1b",NA,NA,NA,NA,FALSE,NA,"intron","Acvr1b",0.029483071876181,2.1969796699767,"miR-21-3p","miR-21-3p, miR-194-5p, miR-15-5p/16-5p/195-5p/322-5p/497-5p, miR-15-5p/16-5p/195-5p/322-5p/497-5p, miR-15-5p/16-5p/195-5p/322-5p/497-5p, miR-15-5p/16-5p/195-5p/322-5p/497-5p",NA,"miR-103-3p/107-3p, miR-103-3p/107-3p, miR-103-3p/107-3p, miR-103-3p/107-3p, miR-132-3p/212-3p","ENSMUSG00000000532","Q61271","11479"
"chr15",6815282,6815347,66,"-",19951,"peak51237","Osmr",NA,NA,NA,"Osmr",NA,FALSE,NA,"utr3","Osmr",0.284124556088911,0.67710151408018,NA,"miR-194-5p, miR-17-5p/20-5p/93-5p/106-5p, miR-221-3p/222-3p","miR-21-3p","miR-182-5p, miR-96-5p","ENSMUSG00000022146","O70458","18414"
"chr15",31480281,31480328,48,"-",4418,"peak51415","March6","March6",NA,NA,NA,NA,FALSE,NA,"exon","March6",0.758875613491883,0.173951502177202,"miR-132-3p/212-3p","miR-194-5p",NA,"miR-27-3p","ENSMUSG00000039100","Q6ZQ89","223455"
"chr15",73272652,73272705,54,"-",6153,"peak52271",NA,"Ptk2",NA,NA,NA,NA,FALSE,NA,"intron","Ptk2",0.269160398732275,0.700292716927026,NA,"miR-194-5p",NA,"miR-15-5p/16-5p/195-5p/322-5p/497-5p","ENSMUSG00000059456 ENSMUSG00000022607","Q9QVP9 P34152","19229 14083"
"chr15",76177676,76177728,53,"-",8378,"peak52579","Plec",NA,NA,NA,NA,NA,FALSE,NA,"exon","Plec",0.211355315609404,0.835996180691948,"miR-132-3p/212-3p","miR-194-5p",NA,NA,"ENSMUSG00000022565","Q9QXS1","18810"
"chr15",79528683,79528742,60,"-",7031,"peak53037","Ddx17",NA,NA,NA,"Ddx17",NA,FALSE,NA,"utr3","Ddx17",0.214344510111528,0.756259199635897,NA,"miR-194-5p","miR-21-3p","miR-183-3p","ENSMUSG00000055065","Q501J6","67040"
"chr15",94588547,94588598,52,"-",147895,"peak53806",NA,"Twf1",NA,NA,NA,NA,FALSE,NA,"intron","Twf1",0.232097776976005,0.988421487508754,NA,"miR-194-5p, miR-30a-3p/30d-3p/30e-3p",NA,NA,"ENSMUSG00000022451","Q91YR1","19230"
"chr16",33382056,33382117,62,"+",175757,"peak55690",NA,"Zfp148",NA,NA,NA,NA,FALSE,NA,"intron","Zfp148",0.141422833843462,1.41742524078528,NA,"miR-194-5p",NA,"miR-200-3p/429-3p","ENSMUSG00000022811","Q61624","22661"
"chr16",43636482,43636533,52,"+",8207,"peak56219","Zbtb20",NA,NA,NA,"Zbtb20",NA,FALSE,NA,"utr3","Zbtb20",0.148827404681947,0.963503043547587,NA,"miR-194-5p",NA,NA,"ENSMUSG00000022708","Q8K0L9","56490"
"chr16",94468077,94468131,55,"+",56374,"peak56858","Ttc3","Ttc3",NA,NA,"Ttc3","Ttc3",FALSE,NA,"utr3","Ttc3",NA,1.101114554786,NA,"miR-194-5p",NA,"miR-33-5p, miR-130-3p/301-3p, miR-375-3p","ENSMUSG00000022151 ENSMUSG00000040785 ENSMUSG00000028555","Q9D6K7 O88196 A2ACP1","67515 22129 230603"
"chr16",32044479,32044535,57,"-",5793,"peak58044","Pak2","Pak2",NA,NA,NA,NA,FALSE,NA,"exon","Pak2",0.134188856044555,1.33860429099042,"miR-21-3p","miR-194-5p",NA,"miR-218-5p","ENSMUSG00000022781","Q8CIN4","224105"
"chr16",96002040,96002088,49,"-",13295,"peak58925","Brwd1","Brwd1",NA,NA,"Brwd1","Brwd1",FALSE,NA,"utr3","Brwd1",0.176432150267845,1.01418169228399,"miR-132-3p/212-3p","miR-130-3p/301-3p, miR-194-5p, miR-19-3p",NA,NA,"ENSMUSG00000022914","Q921C3","93871"
"chr17",3198693,3198757,65,"+",16110,"peak59077","Scaf8",NA,NA,NA,"Scaf8",NA,FALSE,NA,"utr3","Scaf8",0.457432826887598,0.706559143334601,NA,"miR-194-5p",NA,"miR-16-1-3p, miR-181a-1-3p/181c-3p","ENSMUSG00000046201","Q6DID3","106583"
"chr17",12791133,12791199,67,"+",51113,"peak59259",NA,"Airn",NA,NA,NA,NA,FALSE,NA,"intron","Airn",0.494218843004037,0.582325236359083,NA,"miR-194-5p",NA,NA,"ENSMUSG00000078247","Q78TB4","104103"
"chr17",12820910,12820966,57,"+",6026,"peak59264",NA,"Airn",NA,NA,NA,NA,FALSE,NA,"intron","Airn",0.058375574630215,1.85215533911661,NA,"miR-194-5p, miR-328-3p",NA,NA,"ENSMUSG00000078247","Q78TB4","104103"
"chr17",12943359,12943415,57,"-",19161,"peak62051","Acat2",NA,NA,NA,"Acat2","Acat2",FALSE,NA,"utr3","Acat2",0.0838499396563837,1.25202926506023,NA,"miR-194-5p","miR-17-5p/20-5p/93-5p/106-5p",NA,"ENSMUSG00000023832","O88908 Q8CAY6","110460"
"chr17",33950292,33950352,61,"-",7052,"peak63052","B3galt4",NA,NA,NA,NA,"Rps18",FALSE,NA,"utr3*","Rps18",0.321855486722053,0.657803265198654,"miR-21-3p, miR-29-3p","miR-194-5p",NA,"miR-29-3p","ENSMUSG00000008668","P62270","20084"
"chr18",30320227,30320273,47,"+",56497,"peak65053","Pik3c3","Pik3c3",NA,NA,"Pik3c3","Pik3c3",FALSE,NA,"utr3","Pik3c3",0.12996614056191,0.975989370886122,NA,"miR-194-5p","miR-21-3p",NA,"ENSMUSG00000033628","Q6PF93","225326"
"chr18",31647463,31647511,49,"+",15098,"peak65055",NA,"Sap130",NA,NA,NA,NA,FALSE,NA,"intron","Sap130",0.202615080583061,0.933660235678824,NA,"miR-194-5p",NA,NA,"ENSMUSG00000024260","Q8BIH0","269003"
"chr18",66464468,66464519,52,"+",6397,"peak66322","Pmaip1",NA,NA,NA,"Pmaip1",NA,FALSE,NA,"utr3","Pmaip1",0.0987424581390091,1.20465097474766,NA,"miR-194-5p",NA,NA,"ENSMUSG00000024521","Q9JM54","58801"
"chr18",83003867,83003932,66,"+",31470,"peak66825","Zfp516",NA,NA,NA,"Zfp516",NA,FALSE,NA,"utr3","Zfp516",0.343512009624325,0.690810001975415,"miR-132-3p/212-3p","miR-194-5p, let-7-5p/miR-98-5p","miR-196-5p","miR-196-5p","ENSMUSG00000058881","Q7TSH3","329003"
"chr18",36505639,36505701,63,"-",5715,"peak67502","Hbegf",NA,NA,NA,"Hbegf","Hbegf",FALSE,NA,"utr3","Hbegf",0.592924957785902,0.302912596390756,"miR-132-3p/212-3p","miR-194-5p",NA,NA,"ENSMUSG00000024486","Q06186","15200"
"chr19",16528371,16528422,52,"+",5768,"peak69666",NA,"Gna14",NA,NA,NA,NA,FALSE,NA,"intron","Gna14",0.0631211891212751,1.51277563306275,"miR-31-5p","miR-194-5p",NA,"miR-21-3p","ENSMUSG00000024697","P30677","14675"
"chr19",36983441,36983489,49,"+",9229,"peak70220","Btaf1","Btaf1",NA,NA,NA,NA,FALSE,NA,"exon","Btaf1",0.209290377112813,1.02520731819504,NA,"miR-194-5p","miR-21-3p","miR-30-5p/384-5p","ENSMUSG00000040565","E9QAE3","107182"
"chr19",46515401,46515454,54,"+",5856,"peak70646","Trim8",NA,NA,NA,NA,NA,FALSE,NA,"exon","Trim8",0.125678786772006,1.02951441233954,NA,"miR-194-5p","miR-132-3p/212-3p","miR-7-5p","ENSMUSG00000025034","Q99PJ2","93679"
"chr19",16715040,16715085,46,"-",6112,"peak72583","Vps13a","Vps13a",NA,NA,NA,NA,FALSE,NA,"exon","Vps13a",0.192009507565697,0.910861193906287,NA,"miR-194-5p","miR-16-2-3p","miR-484, miR-141-5p/6769b-3p","ENSMUSG00000046230","Q5H8C4","271564"
"chr19",24493427,24493477,51,"-",12180,"peak72837",NA,"Pip5k1b",NA,NA,NA,NA,FALSE,NA,"intron","Pip5k1b",0.0451587154449704,1.75336297106985,"miR-141-5p/6769b-3p","miR-194-5p, miR-15-5p/16-5p/195-5p/322-5p/497-5p","miR-132-3p/212-3p","miR-103-3p/107-3p, miR-16-1-3p, miR-29-3p","ENSMUSG00000024867","P70181","18719"
"chr19",60221252,60221307,56,"-",42520,"peak73700","Fam204a","Fam204a","Fam204a","Fam204a",NA,NA,FALSE,NA,"utr5","Fam204a",0.0307237930467316,1.62088267885626,NA,"miR-194-5p","miR-21-3p","let-7-5p/miR-98-5p","ENSMUSG00000057858","Q8C6C7","76539"
"chr2",69402043,69402101,59,"+",7108,"peak75616","Dhrs9",NA,NA,NA,"Dhrs9",NA,FALSE,NA,"utr3","Dhrs9",0.113802159723869,1.266469040579,"miR-21-3p","miR-199-3p, miR-194-5p","let-7-5p/miR-98-5p",NA,"ENSMUSG00000027068","Q58NB6","241452"
"chr2",90702419,90702477,59,"+",16984,"peak76223","Nup160",NA,NA,NA,NA,NA,FALSE,NA,"exon","Nup160",0.20693149122022,0.959955043946253,NA,"miR-194-5p",NA,NA,"ENSMUSG00000051329","Q9Z0W3","59015"
"chr2",91671056,91671104,49,"+",5189,"peak76390","Arhgap1",NA,NA,NA,"Arhgap1",NA,FALSE,NA,"utr3","Arhgap1",0.102552426137461,1.1210825934839,NA,"miR-194-5p","miR-18-5p",NA,"ENSMUSG00000041225 ENSMUSG00000027247","Q8C0D4 Q5FWK3","75415 228359"
"chr2",101682421,101682472,52,"+",7756,"peak76469",NA,"Traf6",NA,NA,NA,NA,FALSE,NA,"intron","Traf6",0.11530550428426,1.10757418788076,NA,"miR-194-5p",NA,"miR-21ac-5p","ENSMUSG00000027164","P70196","22034"
"chr2",110012006,110012064,59,"+",7791,"peak76597","Lgr4",NA,NA,NA,NA,NA,FALSE,NA,"exon","Lgr4",0.121770793312265,1.01199134026653,NA,"miR-194-5p",NA,"miR-7-5p, miR-361-5p, miR-31-5p","ENSMUSG00000050199","A2ARI4","107515"
"chr2",117146886,117146937,52,"+",13036,"peak76710",NA,"Spred1",NA,NA,NA,NA,FALSE,NA,"intron","Spred1",0.043379851083335,1.7228159850366,NA,"miR-194-5p",NA,"miR-199-3p, miR-34-5p/449-5p","ENSMUSG00000027351","Q924S8","114715"
"chr2",164017372,164017493,122,"+",5181,"peak78517","Ywhab",NA,NA,NA,"Ywhab",NA,FALSE,NA,"utr3","Ywhab",0.526666224972566,-0.337681251653229,NA,"miR-194-5p","miR-21-3p","miR-324-3p","ENSMUSG00000018326","Q9CQV8","54401"
"chr2",166071496,166071573,78,"+",5750,"peak78648","Ncoa3",NA,NA,NA,"Ncoa3","Ncoa3",FALSE,NA,"utr3","Ncoa3",0.0414049776681537,1.64083662903117,"miR-192-5p/215-5p","miR-194-5p, miR-24-3p",NA,NA,"ENSMUSG00000027678","O09000","17979"
"chr2",181521597,181521658,62,"+",12591,"peak79041",NA,"Dnajc5",NA,NA,NA,NA,FALSE,NA,"intron","Dnajc5",0.74988674796101,0.311685760826091,NA,"miR-194-5p, miR-200-3p/429-3p",NA,NA,"ENSMUSG00000000826","P60904","13002"
"chr2",20937911,20937964,54,"-",7791,"peak79318",NA,"Arhgap21",NA,NA,NA,NA,FALSE,NA,"intron","Arhgap21",0.307342993522163,0.715528420786371,NA,"miR-194-5p","miR-27-3p",NA,"ENSMUSG00000036591","Q6DFV3","71435"
"chr2",102812726,102812783,58,"-",7758,"peak81226","Cd44",NA,NA,NA,"Cd44","Cd44",FALSE,NA,"utr3","Cd44",0.104437620901362,1.14398167661496,"miR-21-3p","miR-194-5p, miR-16-2-3p",NA,NA,"ENSMUSG00000005087","P15379","12505"
"chr2",120368357,120368408,52,"-",5626,"peak81599",NA,"Tmem87a",NA,NA,NA,NA,FALSE,NA,"intron","Tmem87a",0.0471120028083463,1.9444800472531,NA,"miR-194-5p",NA,NA,"ENSMUSG00000033808","Q8BXN9","211499"
"chr2",168181482,168181539,58,"-",10523,"peak83382","Adnp",NA,NA,NA,"Adnp",NA,FALSE,NA,"utr3","Adnp",0.201373586185377,1.13310477559031,NA,"miR-194-5p","miR-132-3p/212-3p","miR-141-3p","ENSMUSG00000051149","Q9Z103","11538"
"chr3",7551957,7552009,53,"+",12339,"peak83883","Zc2hc1a",NA,NA,NA,"Zc2hc1a",NA,FALSE,NA,"utr3","Zc2hc1a",0.232889454127785,0.754510534936187,NA,"miR-194-5p",NA,"miR-16-1-3p","ENSMUSG00000043542","Q8BJH1","67306"
"chr3",27976812,27976864,53,"+",8314,"peak84089",NA,"Pld1",NA,NA,NA,NA,FALSE,NA,"intron","Pld1",0.699386077418024,0.574033822089033,NA,"miR-194-5p",NA,NA,"ENSMUSG00000027695","Q9Z280","18805"
"chr3",58417218,58417271,54,"+",12615,"peak84538","Tsc22d2",NA,NA,NA,NA,NA,FALSE,NA,"exon","Tsc22d2",0.045222038061572,1.45155198569161,NA,"miR-193-3p, miR-194-5p","miR-182-5p, miR-96-5p","miR-140-5p, miR-328-3p","ENSMUSG00000027806","E9Q7M2","72033"
"chr3",90083673,90083726,54,"+",21475,"peak85332",NA,"Tpm3",NA,NA,NA,NA,FALSE,NA,"intron","Tpm3",0.077576003704664,1.69204859773309,NA,"miR-194-5p, miR-139-5p",NA,"miR-221-3p/222-3p, miR-132-3p/212-3p","ENSMUSG00000027940","P21107","59069"
"chr3",90528178,90528230,53,"+",754575,"peak85441","S100a14",NA,NA,NA,"S100a14",NA,FALSE,NA,"utr3","S100a14",0.0101176304812951,2.04680490217962,NA,"miR-194-5p",NA,"miR-141-5p/6769b-3p","ENSMUSG00000042306","Q9D2Q8","66166"
"chr3",96170610,96170659,50,"+",4392,"peak85754","Mtmr11","Mtmr11",NA,"Sf3b4","Mtmr11","Mtmr11",FALSE,NA,"utr3","Mtmr11",0.00944443848268156,2.80512506552278,NA,"miR-194-5p","miR-21-3p","miR-18-3p/7069-3p, miR-378-3p","ENSMUSG00000045934","Q3V1L6","194126"
"chr3",8929771,8929856,86,"-",8171,"peak86950","Tpd52",NA,NA,NA,"Tpd52","Tpd52",FALSE,NA,"utr3","Tpd52",0.144637339478802,1.09265652703443,NA,"miR-194-5p","miR-182-5p, miR-96-5p, miR-34-5p/449-5p","miR-182-5p, miR-186-5p, miR-96-5p","ENSMUSG00000027506","Q62393","21985"
"chr3",8940962,8941021,60,"-",6039,"peak86973",NA,"Tpd52",NA,NA,NA,NA,FALSE,NA,"intron","Tpd52",0.120060571593209,1.11335497633052,NA,"miR-194-5p","miR-21-3p, miR-484",NA,"ENSMUSG00000027506","Q62393","21985"
"chr3",85676164,85676227,64,"-",6228,"peak87924","Fam160a1","RP24-559D1.1",NA,NA,"Fam160a1",NA,FALSE,NA,"utr3","Fam160a1",0.107111720156586,1.0792281644131,"miR-132-3p/212-3p","miR-194-5p","miR-205-5p, miR-27-3p","miR-182-5p, miR-96-5p, miR-15-5p/16-5p/195-5p/322-5p/497-5p, miR-31-5p","ENSMUSG00000051000","Q505K2","229488"
"chr3",90506455,90506513,59,"-",6064,"peak88229","Chtop","Chtop","Chtop",NA,NA,NA,FALSE,NA,"utr5","Chtop",0.22877116211778,0.767362030195232,NA,"miR-194-5p, miR-24-3p","miR-21-3p","miR-103-3p/107-3p","ENSMUSG00000001017","Q9CY57","66511"
"chr3",103752306,103752361,56,"-",7054,"peak88706",NA,"Hipk1",NA,NA,NA,"Hipk1",FALSE,NA,"utr3*","Hipk1",0.977062058887977,0.025102682931918,NA,"miR-194-5p",NA,"miR-141-3p, let-7-5p/miR-98-5p","ENSMUSG00000008730","O88904","15257"
"chr3",108971271,108971325,55,"-",27803,"peak89111","Fam102b",NA,NA,NA,"Fam102b",NA,FALSE,NA,"utr3","Fam102b",0.05190402731829,1.53055316835613,NA,"miR-194-5p, miR-141-3p","miR-132-3p/212-3p",NA,"ENSMUSG00000040339","Q8BQS4","329739"
"chr3",148833859,148833908,50,"-",76299,"peak89970","Adgrl2","Adgrl2",NA,NA,NA,NA,FALSE,NA,"exon","Adgrl2",0.917177867164927,0.0937495520011836,NA,"miR-194-5p",NA,NA,NA,"Q8JZZ7","99633"
"chr4",55382192,55382255,64,"+",10736,"peak90956",NA,"Rad23b",NA,NA,NA,NA,FALSE,NA,"intron","Rad23b",0.748323760667935,0.308943844627006,NA,"miR-194-5p","miR-21-3p","miR-221-3p/222-3p","ENSMUSG00000028426","P54728","19359"
"chr4",129608202,129608254,53,"+",7573,"peak92521","Tmem234","Tmem234",NA,NA,"Tmem234","Tmem234",FALSE,NA,"utr3","Tmem234",0.196051080419661,0.908521850545792,NA,"miR-194-5p, miR-22-3p","miR-21-3p, miR-139-5p, miR-191-5p, miR-345-5p",NA,"ENSMUSG00000028797","Q8R1E7","76799"
"chr4",150301381,150301432,52,"+",108483,"peak93695",NA,"Rere",NA,NA,NA,NA,FALSE,NA,"intron","Rere",0.0783128392053477,1.67012661293108,NA,"miR-194-5p",NA,NA,"ENSMUSG00000039852","Q80TZ9","68703"
"chr4",6957350,6957404,55,"-",11590,"peak94183",NA,"Tox",NA,NA,NA,NA,FALSE,NA,"intron","Tox",0.585256324733406,0.364408612947662,NA,"miR-194-5p",NA,"miR-186-5p, miR-31-5p","ENSMUSG00000041272 ENSMUSG00000043668","Q66JW3 Q80W03","252838 244579"
"chr4",58799682,58799736,55,"-",33082,"peak95332","RP23-211P15.1",NA,NA,NA,"RP23-211P15.1",NA,FALSE,NA,"utr3","RP23-211P15.1",0.426261144092975,0.518405619776325,NA,"miR-194-5p, miR-141-3p, miR-30-5p/384-5p",NA,NA,NA,"NA",NA
"chr4",59514286,59514390,105,"-",9757,"peak95417","Ptbp3","Ptbp3",NA,NA,"Ptbp3",NA,FALSE,NA,"utr3","Ptbp3",0.5771236603682,0.436319594043824,"miR-21-3p","miR-194-5p, miR-194-5p, miR-200-3p/429-3p",NA,"miR-484, miR-574-5p, miR-340-5p, miR-345-5p","ENSMUSG00000028382","Q8BHD7","230257"
"chr4",98937071,98937125,55,"-",5816,"peak95958","Dock7",NA,NA,NA,"Dock7",NA,FALSE,NA,"utr3","Dock7",0.126856252382809,1.1861039762275,NA,"miR-194-5p","miR-21-3p",NA,"ENSMUSG00000028556","Q8R1A4","67299"
"chr4",117120232,117120287,56,"-",8230,"peak96338","Btbd19",NA,NA,NA,"Btbd19","Btbd19",FALSE,NA,"utr3","Btbd19",0.0532075330552115,1.42311853178454,"miR-21-3p, miR-423-5p","miR-194-5p",NA,"miR-193-3p","ENSMUSG00000073771","S4R1I0","78611"
"chr4",121148903,121148954,52,"-",8956,"peak96571","Rlf",NA,NA,NA,NA,NA,FALSE,NA,"exon","Rlf",0.645443312975755,0.365057063240627,NA,"miR-194-5p",NA,"miR-21ac-5p","ENSMUSG00000049878","O09107 Q61193","109263"
"chr4",123618658,123618709,52,"-",6298,"peak96718",NA,"Macf1",NA,NA,NA,NA,FALSE,NA,"intron","Macf1",0.123403364076207,1.36718764055713,NA,"miR-21-3p, miR-194-5p",NA,NA,"ENSMUSG00000028649","Q9QXZ0","11426"
"chr4",126436091,126436158,68,"-",14708,"peak96806","Ago1",NA,NA,NA,"Ago1",NA,FALSE,NA,"utr3","Ago1",0.156190862638188,1.04438025591087,NA,"miR-194-5p","miR-29-3p, miR-132-3p/212-3p","miR-199-3p, miR-484, miR-16-2-3p","ENSMUSG00000041530","Q8CJG1","236511"
"chr4",129542572,129542622,51,"-",6287,"peak96957","Hdac1","Hdac1",NA,NA,NA,NA,FALSE,NA,"exon","Hdac1",0.144370962954849,1.03327800954617,NA,"miR-194-5p, miR-125ab-5p/351-5p",NA,NA,"ENSMUSG00000028800","O09106","433759"
"chr4",141702968,141703025,58,"-",8217,"peak97963",NA,"Ddi2",NA,NA,NA,NA,FALSE,NA,"intron","Ddi2",0.571555052221668,0.756097442018599,NA,"miR-194-5p","miR-132-3p/212-3p","miR-10-5p, miR-199-3p","ENSMUSG00000078515","A2ADY9","68817"
"chr4",149177069,149177122,54,"-",18794,"peak98255","Kif1b",NA,NA,NA,"Kif1b","Kif1b",FALSE,NA,"utr3","Kif1b",0.104120772456506,1.48813458101811,"miR-21-3p","miR-194-5p",NA,"miR-132-3p/212-3p","ENSMUSG00000063077","Q60575","16561"
"chr5",21662061,21662116,56,"+",9974,"peak98844","Armc10",NA,NA,NA,"Armc10",NA,FALSE,NA,"utr3","Armc10",0.195413160114041,0.768321286881533,NA,"miR-194-5p","miR-34-5p/449-5p",NA,"ENSMUSG00000038525","Q9D0L7","67211"
"chr5",23502402,23502458,57,"+",6585,"peak98891","Kmt2e","Kmt2e",NA,NA,NA,"Kmt2e",FALSE,NA,"utr3*","Kmt2e",0.149114079779025,1.10718665439981,"miR-21-3p","miR-193-3p, miR-194-5p","miR-221-3p/222-3p","miR-218-5p, miR-1198-5p, miR-139-5p, miR-328-3p","ENSMUSG00000029004","Q3UG20","69188"
"chr5",115329904,115329966,63,"+",9189,"peak101034",NA,"Srsf9",NA,NA,NA,"Srsf9",FALSE,NA,"utr3*","Srsf9",0.307472398435038,0.684861698749985,"miR-132-3p/212-3p","miR-194-5p",NA,"miR-29-3p","ENSMUSG00000029538","Q9D0B0","108014"
"chr5",135217526,135217581,56,"+",7382,"peak101819","Baz1b",NA,NA,NA,NA,NA,FALSE,NA,"exon","Baz1b",0.0719256632966088,1.36222886543409,NA,"miR-194-5p, miR-31-5p","miR-21-3p",NA,"ENSMUSG00000002748","Q9Z277","22385"
"chr5",145096236,145096282,47,"+",12757,"peak102316","Arpc1a","Arpc1a",NA,NA,NA,NA,FALSE,NA,"exon","Arpc1a",0.026644852442646,1.70874980352813,NA,"miR-194-5p","miR-24-3p",NA,"ENSMUSG00000029621","Q9R0Q6","56443"
"chr5",147431767,147431820,54,"+",6176,"peak102426",NA,"Pan3",NA,NA,NA,NA,FALSE,NA,"intron","Pan3",0.11530550428426,1.44844435572228,"miR-21-3p","miR-194-5p","miR-21-3p",NA,"ENSMUSG00000029647","Q640Q5","72587"
"chr5",44001612,44001662,51,"-",6231,"peak103337",NA,"Prom1",NA,NA,NA,NA,FALSE,NA,"intron","Prom1",0.0979545856841579,1.53043661447997,"miR-21-3p","miR-21-3p, miR-194-5p",NA,NA,"ENSMUSG00000029086","O54990","19126"
"chr5",106694129,106694183,55,"-",21292,"peak104677","Zfp644","Zfp644",NA,NA,NA,NA,FALSE,NA,"exon","Zfp644",0.261163538498721,0.889680079893303,"miR-21-3p","miR-194-5p",NA,"miR-103-3p/107-3p","ENSMUSG00000049606","Q80TH4","52397"
"chr5",125027069,125027135,67,"-",16096,"peak105584","Ncor2",NA,NA,NA,NA,NA,FALSE,NA,"exon","Ncor2",0.154522898780473,1.21797873239591,NA,"miR-194-5p",NA,NA,"ENSMUSG00000029478","Q9WU42","20602"
"chr5",134239755,134239803,49,"-",9489,"peak105698","Gtf2i","Gtf2i",NA,NA,NA,NA,FALSE,NA,"exon","Gtf2i",0.797657153578728,0.180556465678169,NA,"miR-194-5p",NA,"miR-532-5p","ENSMUSG00000060261 ENSMUSG00000023079","Q9ESZ8 Q9JI57","14886 57080"
"chr6",17099702,17099757,56,"+",11718,"peak107061","Tes","Tes",NA,NA,NA,NA,FALSE,NA,"exon","Tes",0.588478714241289,0.326941885988241,NA,"miR-194-5p","miR-103-3p/107-3p",NA,"ENSMUSG00000029552","P47226","21753"
"chr6",22255453,22255506,54,"+",7123,"peak107171","Cped1",NA,NA,NA,"Cped1",NA,FALSE,NA,"utr3","Cped1",0.0572651362023146,1.39634013751324,"miR-21-3p","miR-194-5p",NA,NA,"ENSMUSG00000062980","Q8BMB4","214642"
"chr6",28489237,28489290,54,"+",8589,"peak107197",NA,"Snd1",NA,NA,NA,NA,FALSE,NA,"intron","Snd1",0.0872821145903644,1.22633397712845,"miR-21-3p","miR-194-5p",NA,NA,"ENSMUSG00000001424","Q78PY7","56463"
"chr6",52729307,52729366,60,"+",14760,"peak107950","Tax1bp1",NA,NA,NA,NA,NA,FALSE,NA,"exon","Tax1bp1",0.0460924652735406,1.44155359519279,NA,"miR-194-5p",NA,NA,"ENSMUSG00000004535","Q3UKC1","52440"
"chr6",61207560,61207609,50,"+",4903,"peak108159",NA,"Ccser1",NA,NA,NA,NA,FALSE,NA,"intron","Ccser1",0.119391342521625,1.23340917090669,"miR-132-3p/212-3p","miR-33-5p, miR-194-5p, miR-17-5p/20-5p/93-5p/106-5p",NA,"miR-130-3p/301-3p","ENSMUSG00000039578","Q8C0C4","232035"
"chr6",66935424,66935478,55,"+",5536,"peak108238",NA,"Gng12",NA,NA,NA,NA,FALSE,NA,"intron","Gng12",0.120794886742842,1.18732037279317,NA,"miR-194-5p",NA,NA,"ENSMUSG00000036402","Q9DAS9","14701"
"chr6",91487463,91487519,57,"+",7301,"peak108867","Tmem43",NA,NA,NA,"Tmem43",NA,FALSE,NA,"utr3","Tmem43",0.102420848580649,1.27900710369996,"miR-21-3p","miR-194-5p, miR-30a-3p/30d-3p/30e-3p",NA,NA,"ENSMUSG00000030095","Q9DBS1","74122"
"chr6",142401874,142401915,42,"+",4260,"peak110089","Golt1b",NA,NA,NA,"Golt1b",NA,FALSE,NA,"utr3","Golt1b",0.562815665496677,0.32318930155057,NA,"miR-194-5p",NA,"miR-186-5p, miR-141-5p/6769b-3p","ENSMUSG00000030245","Q9CR60","66964"
"chr6",30269163,30269219,57,"-",8192,"peak110528",NA,"Ube2h",NA,NA,NA,NA,FALSE,NA,"intron","Ube2h",0.465781830906915,0.561026822238048,NA,"miR-194-5p",NA,NA,"ENSMUSG00000039159","P62257","22214"
"chr6",72610880,72610936,57,"-",6035,"peak111446","Tgoln1",NA,NA,NA,"Tgoln1",NA,FALSE,NA,"utr3","Tgoln1",0.96154979874485,0.0358169333758764,NA,"miR-194-5p",NA,"miR-139-3p","ENSMUSG00000056429","Q62313","22134"
"chr6",120795294,120795347,54,"-",7682,"peak112816","Atp6v1e1",NA,NA,NA,"Atp6v1e1",NA,FALSE,NA,"utr3","Atp6v1e1",0.196842351694513,0.985930673675037,NA,"miR-23-3p, miR-7-5p, miR-194-5p","miR-21-3p","miR-28-3p, miR-132-3p/212-3p","ENSMUSG00000019210","P50518","11973"
"chr7",28089663,28089731,69,"+",4901,"peak114194","Fcgbp",NA,NA,NA,NA,NA,FALSE,NA,"exon","Fcgbp",0.742689630529683,-0.229971231778097,"miR-132-3p/212-3p","miR-194-5p","miR-34-5p/449-5p","miR-182-5p, miR-96-5p","ENSMUSG00000047730","Q8C5Q6","215384"
"chr7",44225458,44225522,65,"+",29144,"peak114460","Klk1","Klk1","Klk1","Klk1",NA,NA,FALSE,NA,"utr5","Klk1",0.326129626581916,0.71667011460836,NA,"miR-194-5p, miR-28-5p/708-5p",NA,NA,"ENSMUSG00000063903","P00755 P15947","16612"
"chr7",113543322,113543373,52,"+",15446,"peak116257",NA,"Far1",NA,NA,NA,NA,FALSE,NA,"intron","Far1",0.517954429821195,0.456743045441438,NA,"miR-194-5p","miR-132-3p/212-3p",NA,"ENSMUSG00000030759","Q922J9","67420"
"chr7",30187195,30187254,60,"-",16397,"peak118776","Capns1",NA,NA,NA,"Capns1",NA,FALSE,NA,"utr3","Capns1",0.103274600673625,1.08664313681357,NA,"miR-194-5p, miR-96-5p, miR-15-5p/16-5p/195-5p/322-5p/497-5p","miR-671-5p","miR-182-5p, miR-103-3p/107-3p, miR-652-3p","ENSMUSG00000001794","O88456","12336"
"chr7",45666197,45666252,56,"-",4578,"peak119436","Fut2","Fut2","Fut2",NA,NA,NA,FALSE,NA,"utr5","Fut2",0.829959954933741,0.134229906159751,NA,"miR-194-5p, miR-192-5p/215-5p",NA,NA,"ENSMUSG00000055978","Q9JL27","14344"
"chr8",11833641,11833710,70,"+",8089,"peak122227","Arhgef7",NA,NA,NA,"Arhgef7",NA,FALSE,NA,"utr3","Arhgef7",0.0118015632465914,1.74358606958523,NA,"miR-194-5p","miR-132-3p/212-3p","miR-103-3p/107-3p","ENSMUSG00000031511","Q9ES28","54126"
"chr8",45826521,45826573,53,"+",14926,"peak122968","Sorbs2",NA,NA,NA,"Sorbs2","Sorbs2",FALSE,NA,"utr3","Sorbs2",0.626028342353096,0.35235414664985,NA,"miR-194-5p","miR-132-3p/212-3p","miR-132-3p/212-3p","ENSMUSG00000031626","Q3UTJ2","234214"
"chr8",91052537,91052597,61,"+",8186,"peak123890","Chd9",NA,NA,NA,"Chd9",NA,FALSE,NA,"utr3","Chd9",0.360008693958479,0.62014452779586,NA,"miR-194-5p","let-7-5p/miR-98-5p, miR-30-5p/384-5p","miR-196-5p","ENSMUSG00000056608","Q8BYH8","109151"
"chr8",94378024,94378077,54,"+",4650,"peak123967","AC128663.3",NA,NA,NA,NA,NA,FALSE,NA,"exon","AC128663.3",0.221762006562044,1.69587631508517,NA,"miR-194-5p, miR-22-3p","miR-21-3p",NA,NA,"NA",NA
"chr8",106129364,106129417,54,"+",9842,"peak124269","Nfatc3",NA,NA,NA,"Nfatc3","Nfatc3",FALSE,NA,"utr3","Nfatc3",0.0642341162140386,1.26814095854452,"miR-21-3p","miR-194-5p",NA,NA,"ENSMUSG00000031902","P97305","18021"
"chr8",106617294,106617355,62,"+",14771,"peak124315",NA,"Cdh1",NA,NA,NA,NA,FALSE,NA,"intron","Cdh1",0.149449446643118,1.18459982512913,NA,"miR-194-5p",NA,NA,"ENSMUSG00000028217 ENSMUSG00000000303 ENSMUSG00000031841","Q9R100 P09803 Q9WTR5","12557 12550 12554"
"chr8",124885789,124885835,47,"+",8390,"peak125148","Gnpat","Gnpat",NA,NA,NA,NA,FALSE,NA,"exon","Gnpat",0.130125608190978,1.37734210108889,NA,"miR-194-5p","miR-21-3p",NA,"ENSMUSG00000031985","P98192","14712"
"chr8",25972845,25972901,57,"-",6257,"peak125722","Hgsnat",NA,NA,NA,NA,NA,FALSE,NA,"exon","Hgsnat",0.0941347846628387,1.15850608652416,"miR-484, miR-132-3p/212-3p","miR-194-5p",NA,NA,"ENSMUSG00000037260","Q3UDW8","52120"
"chr8",71691648,71691705,58,"-",16022,"peak126489","B3gnt3",NA,NA,NA,"B3gnt3",NA,FALSE,NA,"utr3","B3gnt3",0.103738906141093,1.20077686998815,"miR-21-3p","miR-194-5p","miR-132-3p/212-3p",NA,"ENSMUSG00000031803","Q5JCS9","72297"
"chr8",123028611,123028681,71,"-",5778,"peak128010",NA,"Ankrd11",NA,NA,NA,NA,FALSE,NA,"intron","Ankrd11",0.022163402500454,1.98763824491246,NA,"miR-194-5p",NA,NA,"ENSMUSG00000035569","E9Q4F7","77087"
"chr9",46281207,46281259,53,"+",8611,"peak129051","Zpr1",NA,NA,"Bud13","Zpr1",NA,FALSE,NA,"utr3","Zpr1",0.0593062358472514,1.58468840263226,NA,"miR-194-5p",NA,"miR-10-5p","ENSMUSG00000032078","Q62384","22687"
"chr9",65326775,65326827,53,"+",17860,"peak129622","Clpx","Clpx",NA,NA,NA,NA,FALSE,NA,"exon","Clpx",0.898477910240537,-0.125965075251963,NA,"miR-194-5p","miR-21-3p",NA,"ENSMUSG00000015357","Q9JHS4","270166"
"chr9",80094159,80094212,54,"+",22893,"peak130222","Senp6","Senp6",NA,NA,NA,"Senp6",FALSE,NA,"utr3*","Senp6",0.319390514025175,0.674940778703762,NA,"miR-194-5p, miR-16-1-3p","miR-21-3p","miR-186-5p","ENSMUSG00000034252","Q6P7W0","215351"
"chr9",20434317,20434371,55,"-",15720,"peak131945","Zfp26",NA,NA,NA,"Zfp26",NA,FALSE,NA,"utr3","Zfp26",0.175713366676358,1.01934160060776,"miR-29-3p","miR-194-5p","miR-132-3p/212-3p","miR-132-3p/212-3p","ENSMUSG00000063108","P10076","22688"
"chr9",67221097,67221148,52,"-",194338,"peak133502","Tln2",NA,NA,NA,"Tln2","Tln2",FALSE,NA,"utr3","Tln2",0.0532882841286997,1.66502957436398,"miR-200-3p/429-3p, miR-132-3p/212-3p","miR-194-5p",NA,NA,"ENSMUSG00000052698","Q71LX4","70549"
"chr9",70033686,70033754,69,"-",10283,"peak133531","Gcnt3",NA,NA,NA,"Gcnt3",NA,FALSE,NA,"utr3","Gcnt3",0.260353308829986,0.695892724802741,NA,"miR-194-5p, miR-16-1-3p","miR-132-3p/212-3p","miR-23-3p","ENSMUSG00000032226","Q5JCT0","72077"
"chr9",100493650,100493708,59,"-",5757,"peak134210","Nck1",NA,NA,NA,"Nck1","Nck1",FALSE,NA,"utr3","Nck1",0.903285193723306,0.0713827528966933,NA,"miR-194-5p","miR-218-5p, miR-21-3p",NA,"ENSMUSG00000032475","Q99M51","17973"
"chrX",13152482,13152530,49,"+",4250,"peak135252",NA,"Usp9x",NA,NA,NA,NA,FALSE,NA,"intron","Usp9x",0.0494086346673978,1.81886988097074,NA,"miR-194-5p",NA,NA,"ENSMUSG00000031010","P70398","22284"
"chrX",38600507,38600570,64,"+",13647,"peak135548",NA,NA,NA,"Mcts1",NA,NA,FALSE,NA,"utr5*","Mcts1",0.0463490883046975,1.31711728824114,"miR-30a-3p/30d-3p/30e-3p","miR-194-5p","miR-21-3p","miR-21ac-5p","ENSMUSG00000000355","Q9DB27","68995"
"chrX",73642645,73642706,62,"+",14434,"peak135775","Dusp9",NA,NA,NA,"Dusp9",NA,FALSE,NA,"utr3","Dusp9",0.0449798095121148,1.51181743048396,"miR-132-3p/212-3p","miR-194-5p",NA,"miR-27-3p, miR-328-3p","ENSMUSG00000031383","Q7TNL7","75590"
"chrX",74257240,74257292,53,"+",14977,"peak135825","Emd","Emd",NA,NA,"Emd","Emd",FALSE,NA,"utr3","Emd",0.0991896040219064,1.23393742391778,NA,"miR-194-5p, miR-30-5p/384-5p","miR-21-3p","miR-103-3p/107-3p, miR-7-5p","ENSMUSG00000001964","O08579","13726"
"chrX",95420615,95420678,64,"-",6247,"peak137422","Amer1",NA,NA,NA,"Amer1",NA,FALSE,NA,"utr3","Amer1",0.566996450531789,0.336848039898163,NA,"miR-194-5p, miR-29-3p",NA,"miR-16-2-3p","ENSMUSG00000050332","Q7TS75","72345"
"chrX",150554945,150554994,50,"-",29773,"peak137821",NA,"Apex2",NA,NA,NA,NA,FALSE,NA,"intron","Apex2",0.110613775391905,1.54351939296894,NA,"miR-194-5p",NA,NA,"ENSMUSG00000025269","Q68G58","77622"
"chrX",168669503,168669555,53,"-",10420,"peak137962","Msl3",NA,NA,NA,NA,NA,FALSE,NA,"exon","Msl3",0.164732187843063,0.727554446458769,"miR-132-3p/212-3p","miR-194-5p","miR-22-3p, miR-146ab-5p",NA,"ENSMUSG00000031358","Q9WVG9","17692"
"chr1",132008806,132008860,55,"+",12303,"peak10542","Elk4","Elk4","Elk4",NA,NA,NA,FALSE,NA,"utr5","Elk4",0.744453995882164,0.236984971193539,NA,NA,"miR-194-5p",NA,"ENSMUSG00000026436","P41158","13714"
"chr1",151354033,151354092,60,"+",8846,"peak11170","Ivns1abp",NA,NA,NA,NA,NA,FALSE,NA,"exon","Ivns1abp",0.330844497058918,0.578819424845647,NA,NA,"miR-194-5p","miR-21ac-5p, miR-671-5p","ENSMUSG00000023150","Q920Q8","117198"
"chr1",171446853,171446915,63,"+",17368,"peak11698",NA,"F11r",NA,NA,NA,NA,FALSE,NA,"intron","F11r",0.450283031323646,0.561782980370168,"miR-141-3p","miR-7-5p","miR-194-5p","miR-674-5p","ENSMUSG00000038235","O88792","16456"
"chr10",67220435,67220488,54,"+",9330,"peak18114","Jmjd1c",NA,NA,NA,NA,NA,FALSE,NA,"exon","Jmjd1c",0.134343163646966,1.03396289735825,NA,NA,"miR-194-5p",NA,"ENSMUSG00000037876","Q69ZK6","108829"
"chr10",111293922,111293983,62,"+",45215,"peak19499","Osbpl8",NA,NA,NA,"Osbpl8","Osbpl8",FALSE,NA,"utr3","Osbpl8",0.0553015018965025,1.20907259901801,NA,NA,"miR-194-5p, miR-22-3p, miR-30a-3p/30d-3p/30e-3p",NA,"ENSMUSG00000020189","B9EJ86","237542"
"chr10",18011666,18011733,68,"-",6042,"peak20509","Abracl",NA,NA,NA,NA,NA,FALSE,NA,"exon","Abracl",0.234523425349204,0.7379331693987,NA,"miR-141-5p/6769b-3p","miR-194-5p","miR-30a-3p/30d-3p/30e-3p","ENSMUSG00000078453","Q4KML4","73112"
"chr11",45886449,45886506,58,"+",7990,"peak24255","Clint1",NA,NA,NA,NA,NA,FALSE,NA,"exon","Clint1",0.113415747883488,1.04597706673885,NA,"miR-1198-5p","miR-194-5p, let-7-5p/miR-98-5p",NA,"ENSMUSG00000006169","Q99KN9","216705"
"chr11",53333060,53333116,57,"+",7325,"peak24569","Zcchc10",NA,NA,NA,"Zcchc10","Zcchc10",FALSE,NA,"utr3","Zcchc10",0.121122241212737,1.11372568966754,NA,NA,"miR-194-5p",NA,"ENSMUSG00000018239","Q9CX48","67966"
"chr11",74901486,74901539,54,"+",55327,"peak25954","Tsr1","Tsr1",NA,NA,"Tsr1","Tsr1",FALSE,NA,"utr3","Tsr1",0.087761291450271,1.18825643819207,NA,"miR-103-3p/107-3p, miR-15-5p/16-5p/195-5p/322-5p/497-5p","miR-194-5p","miR-28-5p/708-5p","ENSMUSG00000038335","Q5SWD9","104662"
"chr11",103983898,103983953,56,"+",8323,"peak28259","Arf2",NA,NA,NA,"Arf2",NA,FALSE,NA,"utr3","Arf2",0.208327130347811,0.945097975957812,"miR-141-3p",NA,"miR-194-5p","miR-196-5p","ENSMUSG00000062421","Q8BSL7","11841"
"chr11",100476655,100476721,67,"-",6569,"peak33368","Acly",NA,NA,NA,"Acly",NA,FALSE,NA,"utr3","Acly",0.264692012173224,0.721485669157541,"miR-194-2-3p/6926-5p/7055-5p","miR-30a-3p/30d-3p/30e-3p","miR-194-5p",NA,"ENSMUSG00000020917","Q91V92","104112"
"chr12",44311858,44311911,54,"+",24209,"peak35981","Pnpla8",NA,NA,NA,"Pnpla8","Pnpla8",FALSE,NA,"utr3","Pnpla8",0.109889211365568,1.00455623659734,"miR-96-5p",NA,"miR-182-5p, miR-194-5p",NA,"ENSMUSG00000036257","Q8K1N1","67452"
"chr12",14148166,14148232,67,"-",20189,"peak37773","Fam84a",NA,NA,NA,"Fam84a",NA,FALSE,NA,"utr3","Fam84a",0.252556949206337,1.10090169825367,NA,"miR-26-5p, miR-186-5p","miR-194-5p","miR-18-5p","ENSMUSG00000020607","Q9D650",NA
"chr12",15792384,15792439,56,"-",11948,"peak37782","Trib2",NA,NA,NA,"Trib2","Trib2",FALSE,NA,"utr3","Trib2",0.00331372336325438,2.60887935201066,NA,"miR-99-5p/100-5p","miR-193-3p, miR-194-5p",NA,"ENSMUSG00000020601","Q8K4K3","217410"
"chr12",21351573,21351628,56,"-",15161,"peak37831","Adam17",NA,NA,NA,"Adam17",NA,FALSE,NA,"utr3","Adam17",0.334054845715348,0.770357624372589,"miR-484",NA,"miR-194-5p",NA,"ENSMUSG00000052593","Q9Z0F8","11491"
"chr13",73331840,73331918,79,"+",16618,"peak41132","Mrpl36",NA,NA,NA,"Mrpl36","Mrpl36",FALSE,NA,"utr3","Mrpl36",0.261559598478587,0.881955374354329,NA,NA,"miR-194-5p, miR-181a-1-3p/181c-3p","miR-362-5p, miR-501-5p","ENSMUSG00000021607","Q99N90","94066"
"chr13",98841697,98841753,57,"-",68901,"peak43965","Tnpo1",NA,NA,NA,"Tnpo1",NA,FALSE,NA,"utr3","Tnpo1",0.121119813289048,1.13639815654833,NA,"miR-141-3p","miR-194-5p","miR-425-5p/489-3p","ENSMUSG00000009470","Q8BFY9","238799"
"chr15",3274673,3274766,94,"+",13155,"peak49025","Sepp1",NA,"Sepp1",NA,NA,NA,FALSE,NA,"utr5","Sepp1",0.337625648370953,0.503476826255641,NA,NA,"miR-194-5p","miR-139-3p, miR-31-5p","ENSMUSG00000064373","P70274",NA
"chr15",76535740,76535796,57,"-",6473,"peak52693","Fbxl6",NA,NA,"Tmem249","Fbxl6",NA,FALSE,NA,"utr3","Fbxl6",0.0298323219119105,1.71203547000146,NA,NA,"miR-194-5p","miR-17-5p/20-5p/93-5p/106-5p, miR-30-5p/384-5p","ENSMUSG00000022559","Q9QXW0","30840"
"chr15",96688482,96688547,66,"-",104550,"peak53885","Slc38a2",NA,NA,NA,"Slc38a2",NA,FALSE,NA,"utr3","Slc38a2",0.312798131308567,0.7473182153396,NA,"miR-23-3p","miR-194-5p","miR-23-3p, miR-1198-5p, miR-328-3p","ENSMUSG00000022462","Q8CFE6","67760"
"chr16",24617532,24617583,52,"+",17347,"peak55260",NA,"Lpp",NA,NA,NA,NA,FALSE,NA,"intron","Lpp",0.227154495070841,0.910962899144107,NA,"miR-15-5p/16-5p/195-5p/322-5p/497-5p","miR-194-5p","miR-182-5p, miR-103-3p/107-3p, miR-324-3p, miR-96-5p","ENSMUSG00000033306","Q8BFW7","210126"
"chr16",35857631,35857689,59,"-",5588,"peak58166","Parp14",NA,NA,NA,NA,NA,FALSE,NA,"exon","Parp14",0.296613440519673,0.689068138910764,NA,NA,"miR-194-5p","miR-192-5p/215-5p","ENSMUSG00000034422","Q2EMV9","547253"
"chr17",32770864,32770927,64,"-",9014,"peak62963",NA,NA,NA,NA,NA,"Zfp871",FALSE,NA,"utr3*","Zfp871",0.0650859385380194,1.1826600073245,NA,"miR-425-5p/489-3p","miR-194-5p","miR-484","ENSMUSG00000024298","Q9JIB9","208292"
"chr17",42793231,42793297,67,"-",12094,"peak63528","Cd2ap",NA,NA,NA,"Cd2ap",NA,FALSE,NA,"utr3","Cd2ap",0.367898739488628,0.613141396785595,NA,NA,"miR-194-5p, miR-141-3p, miR-221-3p/222-3p","miR-139-5p","ENSMUSG00000061665","Q9JLQ0","12488"
"chr18",35740313,35740380,68,"-",22419,"peak67488","Tmem173",NA,"Tmem173","Tmem173",NA,NA,FALSE,NA,"utr5","Tmem173",0.207397574216376,1.0718403775153,NA,NA,"miR-194-5p","miR-194-2-3p/6926-5p/7055-5p, miR-106-3p","ENSMUSG00000024349","Q3TBT3","72512"
"chr18",47247703,47247756,54,"-",17949,"peak67825","Sema6a","Sema6a",NA,NA,"Sema6a",NA,FALSE,NA,"utr3","Sema6a",0.417280941866844,0.568056170494252,"miR-141-3p, miR-27-3p",NA,"miR-194-5p","miR-16-1-3p, miR-30-5p/384-5p","ENSMUSG00000019647","O35464","20358"
"chr19",6053568,6053628,61,"+",10508,"peak68831","Syvn1",NA,NA,NA,"Syvn1",NA,FALSE,NA,"utr3","Syvn1",0.319390514025175,0.596817918167603,NA,"miR-15-5p/16-5p/195-5p/322-5p/497-5p","miR-194-5p","miR-103-3p/107-3p, miR-186-5p, miR-15-5p/16-5p/195-5p/322-5p/497-5p, miR-671-5p","ENSMUSG00000024807","Q9DBY1","74126"
"chr19",29602682,29602738,57,"+",13854,"peak69974","Ric1",NA,NA,NA,"Ric1","Ric1",FALSE,NA,"utr3","Ric1",0.150016999603448,0.944248689813413,NA,"miR-7-5p","miR-194-5p",NA,"ENSMUSG00000038658","Q69ZJ7","226089"
"chr19",32823864,32823916,53,"+",35450,"peak70069","Pten",NA,NA,NA,"Pten",NA,FALSE,NA,"utr3","Pten",0.575338430230051,0.45759832874164,NA,NA,"miR-194-5p","miR-27-3p","ENSMUSG00000013663","O08586","19211"
"chr2",71856160,71856212,53,"+",67335,"peak75826","Itga6",NA,NA,NA,"Itga6","Itga6",FALSE,NA,"utr3","Itga6",0.110729379474924,1.33033376455847,"miR-19-3p",NA,"miR-194-5p","miR-28-5p/708-5p","ENSMUSG00000027111","Q61739","16403"
"chr2",180258373,180258425,53,"+",3629,"peak78967","Rps21","Rps21",NA,NA,"Rps21",NA,FALSE,NA,"utr3","Rps21",0.878680119827975,0.15161721045962,NA,NA,"miR-194-5p",NA,"ENSMUSG00000039001","Q9CQR2","66481"
"chr2",165859630,165859696,67,"-",8225,"peak83179",NA,"Zmynd8",NA,"Zmynd8",NA,NA,FALSE,NA,"utr5*","Zmynd8",0.0515987328151379,1.60252005436889,NA,NA,"miR-194-5p","miR-21-3p","ENSMUSG00000039671","Q80Y82","228880"
"chr3",51673354,51673408,55,"+",18787,"peak84460","RP23-346I1.1","Mgst2",NA,NA,NA,NA,FALSE,NA,"exon","RP23-346I1.1 Mgst2",0.146495839427643,1.13680322356577,NA,"miR-484","miR-194-5p, miR-141-3p","miR-27-3p, miR-24-3p",NA,"A2RST1",NA
"chr3",57802377,57802427,51,"+",3834,"peak84534","Rnf13","Rnf13",NA,NA,"Rnf13",NA,FALSE,NA,"utr3","Rnf13",0.138421113277497,2.46708829095744,NA,"miR-15-5p/16-5p/195-5p/322-5p/497-5p","miR-194-5p","miR-103-3p/107-3p, miR-200-3p/429-3p","ENSMUSG00000020707 ENSMUSG00000037075 ENSMUSG00000024317 ENSMUSG00000036503","Q9CWS1 Q7TMV1 Q9CQE0 O54965","71956 75841 56515 24017"
"chr3",69555739,69555803,65,"+",9726,"peak84742","Ppm1l",NA,NA,NA,"Ppm1l",NA,FALSE,NA,"utr3","Ppm1l",0.41680168746741,-0.461794886214044,"miR-96-5p","miR-182-5p, miR-141-3p","miR-182-5p, miR-484, miR-194-5p","miR-181-5p, miR-96-5p","ENSMUSG00000027784","Q8BHN0","242083"
"chr3",63943359,63943413,55,"-",19771,"peak87680","Slc33a1",NA,NA,NA,NA,NA,FALSE,NA,"exon","Slc33a1",0.120448319122056,1.32219422350017,NA,NA,"miR-194-5p",NA,"ENSMUSG00000027822","Q99J27","11416"
"chr3",133464494,133464557,64,"-",7067,"peak89534","Tet2",NA,NA,NA,"Tet2",NA,FALSE,NA,"utr3","Tet2",0.0770169223522148,1.27002059207877,"miR-25-3p/32-5p/92-3p/363-3p/367-3p","miR-132-3p/212-3p","miR-194-5p",NA,"ENSMUSG00000040943","Q4JK59","214133"
"chr4",137994701,137994760,60,"+",8169,"peak93092",NA,"Eif4g3",NA,NA,NA,NA,FALSE,NA,"intron","Eif4g3",0.0854837291381583,1.27957140983256,NA,NA,"miR-194-5p","miR-671-5p","ENSMUSG00000028760","Q80XI3","230861"
"chr4",148594420,148594486,67,"+",58893,"peak93587","Srm","Srm",NA,NA,"Srm",NA,FALSE,NA,"utr3","Srm",0.00653814009490443,1.90024590926091,NA,"miR-103-3p/107-3p","miR-194-5p, miR-141-3p",NA,"ENSMUSG00000006442","Q62270 Q64674","20810"
"chr4",82803087,82803148,62,"-",16752,"peak95654","Zdhhc21",NA,NA,NA,"Zdhhc21","Zdhhc21",FALSE,NA,"utr3","Zdhhc21",0.053915099236713,1.27315101797321,"miR-671-5p",NA,"miR-194-5p, miR-21ac-5p","miR-194-5p","ENSMUSG00000028403","Q9D270","68268"
"chr5",8069031,8069086,56,"+",28299,"peak98704","Sri",NA,NA,NA,"Sri",NA,FALSE,NA,"utr3","Sri",0.215056663300004,1.00732148530133,"miR-22-3p",NA,"miR-194-5p",NA,"ENSMUSG00000003161","Q6P069","109552"
"chr5",20782362,20782418,57,"-",8949,"peak102645","Phtf2",NA,NA,NA,"Phtf2","Phtf2",FALSE,NA,"utr3","Phtf2",0.323869196544053,0.549832229085344,NA,NA,"miR-194-5p","miR-141-5p/6769b-3p, miR-30a-3p/30d-3p/30e-3p","ENSMUSG00000039987","Q8CB19","68770"
"chr5",122323829,122323879,51,"-",8350,"peak105402","Rad9b",NA,NA,NA,"Rad9b","Rad9b",FALSE,NA,"utr3","Rad9b",0.0659523285102335,1.34418179463782,"miR-182-5p",NA,"miR-194-5p, miR-141-3p, miR-96-5p","miR-15-5p/16-5p/195-5p/322-5p/497-5p","ENSMUSG00000038569","Q6WBX7","231724"
"chr6",35245278,35245332,55,"+",13431,"peak107502","Nup205","Nup205",NA,NA,NA,NA,FALSE,NA,"exon","Nup205",0.176525357570422,1.03541379021413,NA,"miR-652-3p","miR-194-5p, miR-200-3p/429-3p","miR-19-3p","ENSMUSG00000038759","B9EJ54","70699"
"chr6",3374451,3374504,54,"-",7775,"peak110259","Samd9l",NA,NA,NA,NA,NA,FALSE,NA,"exon","Samd9l",0.797494852048207,0.343963738587903,NA,NA,"miR-194-5p",NA,"ENSMUSG00000047735","Q69Z37","209086"
"chr6",24615102,24615168,67,"-",17021,"peak110425","Wasl",NA,NA,NA,"Wasl",NA,FALSE,NA,"utr3","Wasl",0.959960457393249,-0.0451866802400621,NA,NA,"miR-194-5p","miR-484, miR-194-5p, miR-31-5p","ENSMUSG00000029684","Q91YD9","73178"
"chr7",75610819,75610875,57,"+",27782,"peak115040","Akap13",NA,NA,NA,NA,NA,FALSE,NA,"exon","Akap13",0.121685517865058,1.46879186857388,NA,NA,"miR-194-5p, miR-106-3p, miR-181a-1-3p/181c-3p","miR-199-3p","ENSMUSG00000066406","E9Q394","75547"
"chr7",79362975,79363043,69,"+",64344,"peak115245","Abhd2",NA,NA,NA,"Abhd2",NA,FALSE,NA,"utr3","Abhd2",0.614342777779978,0.436931480366708,NA,"miR-194-2-3p/6926-5p/7055-5p","miR-194-5p",NA,"ENSMUSG00000039202","Q9QXM0","54608"
"chr7",80310816,80310876,61,"+",35840,"peak115350","Prc1",NA,NA,NA,NA,NA,FALSE,NA,"exon","Prc1",0.403496177813326,0.721372568461125,NA,NA,"miR-194-5p","miR-183-3p","ENSMUSG00000038943","Q99K43","233406"
"chr7",131444606,131444657,52,"+",162810,"peak117034","Acadsb",NA,NA,NA,"Acadsb",NA,FALSE,NA,"utr3","Acadsb",0.0540408250156243,1.59266010054186,NA,NA,"miR-194-5p, miR-24-3p",NA,"ENSMUSG00000030861","Q9DBL1","66885"
"chr7",34151029,34151080,52,"-",18308,"peak118920","Uba2",NA,NA,NA,"Uba2","Uba2",FALSE,NA,"utr3","Uba2",0.156801867653092,0.887870875727548,NA,NA,"miR-103-3p/107-3p, miR-194-5p","miR-25-3p/32-5p/92-3p/363-3p/367-3p","ENSMUSG00000052997","Q9Z1F9","50995"
"chr8",88144569,88144633,65,"+",9376,"peak123807","Heatr3",NA,NA,NA,NA,NA,FALSE,NA,"exon","Heatr3",0.0628942953885385,1.60932177964683,NA,"miR-200-3p/429-3p","miR-194-5p",NA,"ENSMUSG00000031657","Q8BQM4","234549"
"chr8",41341425,41341476,52,"-",6290,"peak125984","Asah1",NA,NA,NA,"Asah1",NA,FALSE,NA,"utr3","Asah1",0.624804813249033,0.287422237433605,"miR-30-5p/384-5p",NA,"miR-194-5p","miR-21-3p","ENSMUSG00000031591","Q9WV54","11886"
"chr8",109731020,109731080,61,"-",26497,"peak127494","Atxn1l","Atxn1l",NA,NA,"Atxn1l",NA,FALSE,NA,"utr3","Atxn1l",0.803435593430548,0.171502325521179,"miR-17-5p/20-5p/93-5p/106-5p",NA,"miR-194-5p","miR-130-3p/301-3p","ENSMUSG00000069895","P0C7T6","52335"
"chr8",126589119,126589170,52,"-",7488,"peak128111","Irf2bp2",NA,NA,NA,"Irf2bp2",NA,FALSE,NA,"utr3","Irf2bp2",0.666127921429617,-0.354330426067194,"miR-17-5p/20-5p/93-5p/106-5p, miR-374b-5p",NA,"miR-194-5p",NA,"ENSMUSG00000051495","E9Q1P8","270110"
"chr8",126589331,126589383,53,"-",279427,"peak128112","Irf2bp2",NA,NA,NA,"Irf2bp2",NA,FALSE,NA,"utr3","Irf2bp2",0.198406553641589,0.946598296791732,NA,NA,"miR-194-5p","miR-194-5p","ENSMUSG00000051495","E9Q1P8","270110"
"chr9",21490015,21490072,58,"+",7834,"peak128472",NA,"Dnm2",NA,NA,NA,NA,FALSE,NA,"intron","Dnm2",0.178744720180703,0.971475275742275,NA,NA,"miR-194-5p",NA,"ENSMUSG00000033335","P39054","13430"
"chr9",56496656,56496716,61,"+",10448,"peak129220","Hmg20a",NA,NA,NA,"Hmg20a",NA,FALSE,NA,"utr3","Hmg20a",0.814601376624747,-0.161338998644872,"miR-141-3p","miR-674-5p","miR-194-5p","miR-185-5p, miR-1198-5p","ENSMUSG00000032329","Q9DC33","66867"
"chr9",70778801,70778863,63,"+",10555,"peak129920","Adam10",NA,NA,NA,"Adam10","Adam10",FALSE,NA,"utr3","Adam10",0.212715266934794,0.741500347677925,NA,NA,"miR-194-5p","miR-22-3p, miR-27-3p, miR-15-5p/16-5p/195-5p/322-5p/497-5p","ENSMUSG00000054693","O35598","11487"
"chr9",70469353,70469405,53,"-",34772,"peak133571","Rnf111","Rnf111",NA,NA,NA,NA,FALSE,NA,"exon","Rnf111",0.233602769762474,0.860074448202494,NA,NA,"miR-194-5p, let-7-5p/miR-98-5p",NA,"ENSMUSG00000032217","Q99ML9","93836"
"chr9",70604951,70605001,51,"-",51780,"peak133583","Fam63b",NA,NA,NA,"Fam63b",NA,FALSE,NA,"utr3","Fam63b",0.144370962954849,0.98057963296177,NA,NA,"miR-194-5p",NA,"ENSMUSG00000042444","Q6PDI6",NA
"chr9",82871539,82871592,54,"-",58472,"peak133851","Phip",NA,NA,NA,NA,NA,FALSE,NA,"exon","Phip",0.156907755613805,0.985261496363701,NA,NA,"miR-194-5p",NA,"ENSMUSG00000032253","Q8VDD9","83946"
"chr9",90203885,90203943,59,"-",6372,"peak134012","Tbc1d2b",NA,NA,NA,"Tbc1d2b",NA,FALSE,NA,"utr3","Tbc1d2b",0.214614455440531,0.878336954067136,"miR-200-3p/429-3p",NA,"miR-218-5p, miR-194-5p",NA,"ENSMUSG00000037410","Q3U0J8","67016"
"chrX",13145126,13145228,103,"+",5399,"peak135249","Usp9x","Usp9x",NA,NA,NA,NA,FALSE,NA,"exon","Usp9x",0.202953858309981,0.942172552411085,"miR-29-3p","miR-501-5p","miR-194-5p, miR-30a-3p/30d-3p/30e-3p","miR-362-5p","ENSMUSG00000031010","P70398","22284"
"chrX",142236816,142236866,51,"+",5243,"peak136356","Nxt2",NA,NA,NA,NA,NA,FALSE,NA,"exon","Nxt2",0.097404966838674,1.20872369900045,NA,NA,"miR-194-5p",NA,"ENSMUSG00000042271","Q3UNA4","237082"
