"","seqnames","start","end","width","strand","count","name","exon","intron","utr5","utr5.","utr3","utr3.","intergenic","mirna","annot","score","input.log2FC","input.padj","targeting_mirna_6mer","targeting_mirna_7mer","targeting_mirna_8mer"
"peak95","chr1",34087462,34087518,57,"+",5861,"peak95",NA,"Dst",NA,NA,NA,NA,FALSE,NA,"intron",2.54843697214786,7.20773710137017,0.00282854457943052,"miR-3473c,miR-6896-3p,miR-6975-3p,miR-7649-3pmiR-1896,miR-6973b-3p,miR-7063-3p","",""
"peak1271","chr1",130851216,130851276,61,"+",19520,"peak1271","Pigr",NA,NA,NA,"Pigr",NA,FALSE,NA,"utr3",1.47616684781202,0.97893794309121,0.033406667320592,"miR-185-5p,miR-3473a,miR-741-3p,miR-881-5p,miR-882",NA,NA
"peak1419","chr1",133131735,133131785,51,"+",3104,"peak1419","Ppp1r15b",NA,"Ppp1r15b",NA,NA,NA,FALSE,NA,"utr5",1.5797046233408,3.89939435676718,0.0263205752426966,"miR-7657-3p,miR-7673-3p,miR-7678-3pmiR-712-5pmiR-6975-3p,miR-7037-3p,miR-8103miR-3059-5p,miR-5616-5p,miR-6344,miR-6384,miR-670-3p,miR-7678-3pmiR-12196-5p",NA,NA
"peak2716","chr1",45909680,45909726,47,"-",10963,"peak2716","Slc40a1","Slc40a1",NA,NA,NA,NA,FALSE,NA,"exon",4.07833070103491,4.57967221089551,8.3496697607283e-05,NA,NA,NA
"peak3089","chr1",72862033,72862094,62,"-",10603,"peak3089","Igfbp5",NA,NA,NA,"Igfbp5",NA,FALSE,NA,"utr3",2.27657222056563,2.41922256279322,0.00528966026020057,"miR-3473c,miR-6896-3p,miR-6975-3p,miR-7649-3pmiR-1896,miR-6973b-3p,miR-7063-3pmiR-12202-3p,miR-6946-3pmiR-6961-3p,miR-6963-3p,miR-7014-3pmiR-3059-5p,miR-5616-5p,miR-6961-3p,miR-7032-3p,miR-7650-5p,miR-877-3pmiR-3059-5p,miR-5616-5p,miR-670-3p,miR-6902-5pmiR-12202-3p,miR-6896-3p,miR-7028-3pmiR-205-5p,miR-6948-3p,miR-7117-3p,miR-712-5pmiR-692,miR-7221-5p,miR-7664-3pmiR-12202-3p,miR-207,miR-320-5p,miR-7028-3pmiR-130a-5p,miR-130b-5p,miR-692,miR-6961-3p,miR-7014-3p,miR-7215-5pmiR-7031-3pmiR-6896-3pmiR-6909-3p,miR-7077-3p,miR-7685-5p,miR-7686-5pmiR-130a-5p,miR-7009-3pmiR-3059-5p,miR-5616-5p,miR-6344,miR-6384,miR-670-3p,miR-7678-3pmiR-7009-3pmiR-6344,miR-684,miR-7009-3p","miR-6896-3pmiR-3059-5p,miR-5616-5pmiR-12202-3pmiR-6896-3pmiR-12202-3p,miR-7028-3pmiR-6961-3p,miR-7014-3p","miR-6896-3pmiR-12202-3p"
"peak3136","chr1",75135982,75136007,26,"-",3331,"peak3136","Cnppd1",NA,NA,NA,"Cnppd1",NA,FALSE,NA,"utr3",5.10354906126637,4.6540362611141,7.87863423273088e-06,NA,NA,NA
"peak3532","chr1",113904190,113904245,56,"-",16779,"peak3532",NA,"RP23-16A20.1",NA,NA,NA,NA,FALSE,NA,"intron",1.82869475232378,1.61154639575101,0.0148356045222805,"miR-12183-5p,miR-1903,miR-22-5p,miR-6946-3pmiR-6946-3p,miR-6964-3p","miR-6946-3p",NA
"peak4205","chr1",162710526,162710577,52,"-",4880,"peak4205","Prrc2c",NA,NA,NA,NA,NA,FALSE,NA,"exon",2.24632470979835,3.64266281131053,0.00567120426824655,"miR-3473c,miR-6896-3p,miR-6975-3p,miR-7649-3pmiR-1896,miR-6973b-3p,miR-7063-3pmiR-3059-5p,miR-5616-5p,miR-6961-3p,miR-7032-3p,miR-7650-5p,miR-877-3pmiR-3059-5p,miR-5616-5p,miR-670-3p,miR-6902-5pmiR-12202-3p,miR-6896-3p,miR-7028-3pmiR-205-5p,miR-6948-3p,miR-7117-3p,miR-712-5pmiR-1894-5p,miR-3473c,miR-6975-3p,miR-7649-3pmiR-12196-5p,miR-6984-3pmiR-12202-3p,miR-207,miR-320-5p,miR-7028-3pmiR-150-5p,miR-1894-5p,miR-343,miR-5127,miR-6976-3p,miR-7045-3pmiR-343,miR-6976-3pmiR-1903,miR-320-5p,miR-6901-3p,miR-7028-3pmiR-712-5pmiR-6896-3pmiR-12196-5p","miR-6896-3pmiR-3473c,miR-6975-3p,miR-7649-3pmiR-1894-5pmiR-343,miR-6976-3pmiR-3059-5p,miR-5616-5pmiR-6896-3pmiR-12202-3p,miR-7028-3pmiR-712-5p",""
"peak4355","chr1",167225654,167225706,53,"-",4655,"peak4355","Uck2",NA,NA,NA,"Uck2","Uck2",FALSE,NA,"utr3",3.49472448757455,3.56056350598775,0.000320092510316772,"miR-31-5pmiR-31-5p","miR-31-5p",""
"peak4764","chr1",190170295,190170366,72,"-",3291,"peak4764","Prox1",NA,"Prox1","Prox1",NA,NA,FALSE,NA,"utr5",1.56506195652214,3.47594610148006,0.0272231291476678,"miR-3473c,miR-6896-3p,miR-6975-3p,miR-7649-3pmiR-1896,miR-6973b-3p,miR-7063-3pmiR-103-1-5p,miR-103-2-5p,miR-107-5p,miR-12183-5p,miR-1903miR-12202-3p,miR-6946-3pmiR-12183-5p,miR-1903,miR-22-5p,miR-6946-3pmiR-12202-3p,miR-6896-3p,miR-7028-3pmiR-1894-5p,miR-3473c,miR-6975-3p,miR-7649-3pmiR-130b-5p,miR-7014-3p,miR-7211-5pmiR-7032-3pmiR-12196-5p,miR-6984-3pmiR-692,miR-7221-5p,miR-7664-3pmiR-12202-3p,miR-207,miR-320-5p,miR-7028-3pmiR-130a-5p,miR-130b-5p,miR-692,miR-6961-3p,miR-7014-3p,miR-7215-5pmiR-150-5p,miR-1894-5p,miR-343,miR-5127,miR-6976-3p,miR-7045-3pmiR-7031-3pmiR-6896-3pmiR-6935-3p,miR-7092-3pmiR-6946-3p,miR-6964-3pmiR-130a-5p,miR-7009-3pmiR-7009-3p","miR-12183-5p,miR-1903miR-6946-3pmiR-6896-3pmiR-3473c,miR-6975-3p,miR-7649-3pmiR-1894-5pmiR-130b-5p,miR-7014-3pmiR-12202-3pmiR-692miR-6896-3pmiR-12202-3p,miR-7028-3p","miR-6896-3pmiR-12202-3p"
"peak5413","chr10",60133097,60133164,68,"+",10728,"peak5413","Spock2",NA,NA,NA,"Spock2",NA,FALSE,NA,"utr3",3.95576863197838,5.63162981339526,0.000110721348884294,"miR-3473c,miR-6896-3p,miR-6975-3p,miR-7649-3pmiR-1896,miR-6973b-3p,miR-7063-3pmiR-12202-3p,miR-6896-3p,miR-7028-3pmiR-130b-5p,miR-7014-3p,miR-7211-5pmiR-12196-5p,miR-6984-3pmiR-692,miR-7221-5p,miR-7664-3pmiR-130a-5p,miR-130b-5p,miR-692,miR-6961-3p,miR-7014-3p,miR-7215-5pmiR-6896-3p","miR-6896-3pmiR-130b-5p,miR-7014-3pmiR-692miR-6896-3p","miR-6896-3p"
"peak6243","chr10",105238326,105238359,34,"+",4752,"peak6243",NA,NA,NA,NA,NA,NA,TRUE,NA,"intergenic",2.26678243306715,2.9334485414595,0.00541025290546381,NA,NA,NA
"peak8159","chr10",128883488,128883545,58,"-",10732,"peak8159","Gdf11",NA,NA,NA,"Gdf11",NA,FALSE,NA,"utr3",5.5275374659931,5.94180651655862,2.96799068790671e-06,NA,NA,NA
"peak8185","chr11",3932379,3932435,57,"+",4107,"peak8185",NA,NA,NA,NA,NA,NA,TRUE,NA,"intergenic",2.13558595089979,7.74541378653386,0.00731836471651583,"miR-3473c,miR-6896-3p,miR-6975-3p,miR-7649-3pmiR-1896,miR-6973b-3p,miR-7063-3pmiR-185-5p,miR-3473a,miR-741-3p,miR-881-5p,miR-882","",""
"peak8677","chr11",43445371,43445427,57,"+",2110,"peak8677","Slu7",NA,NA,NA,NA,NA,FALSE,NA,"exon",1.3855831133636,2.87327549455041,0.0411544580178264,"miR-6919-3pmiR-103-1-5p,miR-103-2-5p,miR-107-5p,miR-12183-5p,miR-1903miR-12202-3p,miR-6946-3pmiR-12183-5p,miR-1903,miR-22-5p,miR-6946-3pmiR-6961-3p,miR-6963-3p,miR-7014-3pmiR-3059-5p,miR-5616-5p,miR-6961-3p,miR-7032-3p,miR-7650-5p,miR-877-3pmiR-12202-3p,miR-207,miR-320-5p,miR-7028-3pmiR-130a-5p,miR-130b-5p,miR-692,miR-6961-3p,miR-7014-3p,miR-7215-5pmiR-6935-3p,miR-7092-3pmiR-6975-3p,miR-7037-3p,miR-8103miR-6946-3p,miR-6964-3pmiR-130a-5p,miR-7009-3pmiR-129-5p,miR-129b-5p,miR-6951-3p,miR-7078-3pmiR-207miR-335-3p,miR-6951-3p,miR-7116-3p","miR-12183-5p,miR-1903miR-6961-3pmiR-6946-3pmiR-12202-3pmiR-6946-3pmiR-6961-3p,miR-7014-3p","miR-6946-3p"
"peak8753","chr11",49096191,49096240,50,"+",7513,"peak8753","Ifi47","Olfr56",NA,NA,NA,NA,FALSE,NA,"exon",6.23612471770387,4.95093033560227,5.80597661533271e-07,"miR-31-5pmiR-31-5p","miR-31-5p",NA
"peak9789","chr11",75764791,75764851,61,"+",2912,"peak9789","Ywhae",NA,NA,NA,"Ywhae","Ywhae",FALSE,NA,"utr3",3.56595359576755,4.37782031587546,0.000271672953505057,NA,NA,NA
"peak10213","chr11",84910560,84910614,55,"+",2712,"peak10213","Myo19",NA,NA,NA,"Myo19",NA,FALSE,NA,"utr3",3.01214363733743,5.63594930289764,0.000972425553288807,"miR-31-5pmiR-31-5p","miR-31-5p",NA
"peak10580","chr11",95492690,95492790,101,"+",3765,"peak10580","Spop",NA,NA,NA,"Spop",NA,FALSE,NA,"utr3",3.08947710030473,6.22768901597725,0.000813809770613513,"miR-3473c,miR-6896-3p,miR-6975-3p,miR-7649-3pmiR-1896,miR-6973b-3p,miR-7063-3pmiR-6919-3pmiR-6961-3p,miR-6963-3p,miR-7014-3pmiR-3059-5p,miR-5616-5p,miR-6961-3p,miR-7032-3p,miR-7650-5p,miR-877-3pmiR-12202-3p,miR-6896-3p,miR-7028-3pmiR-1894-5p,miR-3473c,miR-6975-3p,miR-7649-3pmiR-130b-5p,miR-7014-3p,miR-7211-5pmiR-7032-3pmiR-12196-5p,miR-6984-3pmiR-692,miR-7221-5p,miR-7664-3pmiR-130a-5p,miR-130b-5p,miR-692,miR-6961-3p,miR-7014-3p,miR-7215-5pmiR-150-5p,miR-1894-5p,miR-343,miR-5127,miR-6976-3p,miR-7045-3pmiR-343,miR-6976-3pmiR-7031-3pmiR-6896-3pmiR-6935-3p,miR-7092-3pmiR-6975-3p,miR-7037-3p,miR-8103miR-6946-3p,miR-6964-3pmiR-130a-5p,miR-7009-3pmiR-7009-3p","miR-6961-3pmiR-6896-3pmiR-3473c,miR-6975-3p,miR-7649-3pmiR-1894-5pmiR-130b-5p,miR-7014-3pmiR-343,miR-6976-3pmiR-692miR-6896-3pmiR-6961-3p,miR-7014-3pmiR-7032-3p","miR-6896-3p"
"peak11110","chr11",108940995,108941051,57,"+",1795,"peak11110",NA,"Axin2",NA,NA,NA,NA,FALSE,NA,"intron",2.10335937864842,5.32025444889333,0.00788207605949348,"miR-6919-3pmiR-6919-3pmiR-103-1-5p,miR-103-2-5p,miR-107-5p,miR-12183-5p,miR-1903miR-12202-3p,miR-6946-3pmiR-12183-5p,miR-1903,miR-22-5p,miR-6946-3pmiR-6961-3p,miR-6963-3p,miR-7014-3pmiR-3059-5p,miR-5616-5p,miR-6961-3p,miR-7032-3p,miR-7650-5p,miR-877-3pmiR-3059-5p,miR-5616-5p,miR-670-3p,miR-6902-5pmiR-205-5p,miR-6948-3p,miR-7117-3p,miR-712-5pmiR-130b-5p,miR-7014-3p,miR-7211-5pmiR-141-5p,miR-6769b-3p,miR-7048-3pmiR-130a-5p,miR-130b-5p,miR-692,miR-6961-3p,miR-7014-3p,miR-7215-5pmiR-712-5pmiR-3059-5p,miR-5616-5p,miR-6344,miR-6384,miR-670-3p,miR-7678-3pmiR-1945","miR-6919-3pmiR-12183-5p,miR-1903miR-6961-3pmiR-130b-5p,miR-7014-3pmiR-3059-5p,miR-5616-5pmiR-712-5pmiR-6961-3p,miR-7014-3p",""
"peak11206","chr11",112786302,112786372,71,"+",3331,"peak11206","Sox9",NA,NA,NA,"Sox9",NA,FALSE,NA,"utr3",2.38698615243859,4.56892094806673,0.00410217182630265,"miR-3473c,miR-6896-3p,miR-6975-3p,miR-7649-3pmiR-1896,miR-6973b-3p,miR-7063-3pmiR-12202-3p,miR-6896-3p,miR-7028-3pmiR-205-5p,miR-6948-3p,miR-7117-3p,miR-712-5pmiR-1894-5p,miR-3473c,miR-6975-3p,miR-7649-3pmiR-130b-5p,miR-7014-3p,miR-7211-5pmiR-12196-5p,miR-6984-3pmiR-150-5p,miR-1894-5p,miR-343,miR-5127,miR-6976-3p,miR-7045-3pmiR-343,miR-6976-3pmiR-7657-3p,miR-7673-3p,miR-7678-3pmiR-6896-3pmiR-6935-3p,miR-7092-3pmiR-6909-3p,miR-7077-3p,miR-7685-5p,miR-7686-5pmiR-6946-3p,miR-6964-3pmiR-130a-5p,miR-7009-3pmiR-129-5p,miR-129b-5p,miR-6951-3p,miR-7078-3pmiR-12196-5pmiR-335-3p,miR-6951-3p,miR-7116-3p","miR-6896-3pmiR-3473c,miR-6975-3p,miR-7649-3pmiR-1894-5pmiR-343,miR-6976-3pmiR-6896-3p","miR-6896-3p"
"peak11423","chr11",119408711,119408759,49,"+",2044,"peak11423","Rnf213","Rnf213",NA,NA,NA,NA,FALSE,NA,"exon",1.50056787380664,2.06946923522222,0.0315814543841248,"miR-6919-3pmiR-6919-3pmiR-12202-3p,miR-6946-3pmiR-6961-3p,miR-6963-3p,miR-7014-3pmiR-3059-5p,miR-5616-5p,miR-6961-3p,miR-7032-3p,miR-7650-5p,miR-877-3pmiR-3059-5p,miR-5616-5p,miR-670-3p,miR-6902-5pmiR-141-5p,miR-6769b-3p,miR-7048-3pmiR-692,miR-7221-5p,miR-7664-3pmiR-12202-3p,miR-207,miR-320-5p,miR-7028-3pmiR-712-5pmiR-6975-3p,miR-7037-3p,miR-8103miR-129-5p,miR-129b-5p,miR-6951-3p,miR-7078-3pmiR-207","miR-6919-3pmiR-6961-3pmiR-12202-3p",""
"peak12155","chr11",30146736,30146786,51,"-",3398,"peak12155","Sptbn1","Sptbn1",NA,NA,NA,NA,FALSE,NA,"exon",1.56718453887767,1.8517450099697,0.0270904027146615,"miR-205-5p,miR-6948-3p,miR-7117-3p,miR-712-5pmiR-7657-3p,miR-7673-3p,miR-7678-3pmiR-3059-5p,miR-5616-5p,miR-6344,miR-6384,miR-670-3p,miR-7678-3pmiR-12196-5p","",NA
"peak13414","chr11",94297053,94297109,57,"-",2400,"peak13414","Luc7l3",NA,NA,NA,"Luc7l3","Luc7l3",FALSE,NA,"utr3",1.41061912024927,2.36121452695523,0.0388490926296135,"miR-3473c,miR-6896-3p,miR-6975-3p,miR-7649-3pmiR-1896,miR-6973b-3p,miR-7063-3pmiR-12202-3p,miR-6946-3pmiR-12183-5p,miR-1903,miR-22-5p,miR-6946-3pmiR-3059-5p,miR-5616-5p,miR-6961-3p,miR-7032-3p,miR-7650-5p,miR-877-3pmiR-3059-5p,miR-5616-5p,miR-670-3p,miR-6902-5pmiR-12202-3p,miR-6896-3p,miR-7028-3pmiR-1894-5p,miR-3473c,miR-6975-3p,miR-7649-3pmiR-130b-5p,miR-7014-3p,miR-7211-5pmiR-7032-3pmiR-12196-5p,miR-6984-3pmiR-692,miR-7221-5p,miR-7664-3pmiR-12202-3p,miR-207,miR-320-5p,miR-7028-3pmiR-130a-5p,miR-130b-5p,miR-692,miR-6961-3p,miR-7014-3p,miR-7215-5pmiR-150-5p,miR-1894-5p,miR-343,miR-5127,miR-6976-3p,miR-7045-3pmiR-6896-3pmiR-6946-3p,miR-6964-3pmiR-130a-5p,miR-7009-3pmiR-129-5p,miR-129b-5p,miR-6951-3p,miR-7078-3pmiR-3059-5p,miR-5616-5p,miR-6344,miR-6384,miR-670-3p,miR-7678-3pmiR-335-3p,miR-6951-3p,miR-7116-3p","miR-6946-3pmiR-6896-3pmiR-3473c,miR-6975-3p,miR-7649-3pmiR-1894-5pmiR-130b-5p,miR-7014-3pmiR-3059-5p,miR-5616-5pmiR-12202-3pmiR-692miR-6896-3pmiR-12202-3p,miR-7028-3pmiR-7032-3p","miR-6896-3pmiR-12202-3p"
"peak14632","chr11",120654072,120654131,60,"-",6002,"peak14632","Notum",NA,NA,NA,"Notum",NA,FALSE,NA,"utr3",2.68227708367304,2.98609928766185,0.00207837024563668,"miR-6919-3pmiR-3059-5p,miR-5616-5p,miR-6961-3p,miR-7032-3p,miR-7650-5p,miR-877-3pmiR-185-5p,miR-3473a,miR-741-3p,miR-881-5p,miR-882","",NA
"peak15620","chr12",83668456,83668512,57,"+",2958,"peak15620","Rbm25","Rbm25",NA,NA,"Rbm25","Rbm25",FALSE,NA,"utr3",1.59927693956626,2.27309136472729,0.0251607197507278,"miR-103-1-5p,miR-103-2-5p,miR-107-5p,miR-12183-5p,miR-1903miR-12202-3p,miR-6946-3pmiR-12183-5p,miR-1903,miR-22-5p,miR-6946-3pmiR-12202-3p,miR-6896-3p,miR-7028-3pmiR-205-5p,miR-6948-3p,miR-7117-3p,miR-712-5pmiR-130b-5p,miR-7014-3p,miR-7211-5pmiR-12196-5p,miR-6984-3pmiR-692,miR-7221-5p,miR-7664-3pmiR-12202-3p,miR-207,miR-320-5p,miR-7028-3pmiR-130a-5p,miR-130b-5p,miR-692,miR-6961-3p,miR-7014-3p,miR-7215-5pmiR-1903,miR-320-5p,miR-6901-3p,miR-7028-3pmiR-712-5pmiR-6896-3pmiR-6935-3p,miR-7092-3pmiR-6946-3p,miR-6964-3p","miR-12183-5p,miR-1903miR-6946-3pmiR-130b-5p,miR-7014-3pmiR-12202-3pmiR-692miR-6896-3pmiR-12202-3p,miR-7028-3pmiR-712-5pmiR-6946-3p","miR-12202-3pmiR-6946-3p"
"peak15710","chr12",99645520,99645546,27,"+",16440,"peak15710",NA,"RP24-342G5.6",NA,NA,NA,NA,FALSE,NA,"intron",4.26654650800577,5.19942180901585,5.41319275633196e-05,"miR-103-1-5p,miR-103-2-5p,miR-107-5p,miR-12183-5p,miR-1903",NA,NA
"peak15729","chr12",100206894,100206961,68,"+",10037,"peak15729","Calm1",NA,NA,NA,"Calm1",NA,FALSE,NA,"utr3",2.73451075763376,1.98876202138822,0.00184284684041237,"miR-12202-3p,miR-6896-3p,miR-7028-3pmiR-6909-3p,miR-7077-3p,miR-7685-5p,miR-7686-5p",NA,NA
"peak17896","chr13",63244220,63244281,62,"+",5422,"peak17896","RP23-189B9.3","AC130827.2",NA,NA,NA,NA,FALSE,NA,"exon",4.98559233321251,7.11733935553717,1.03373130109328e-05,"miR-3473c,miR-6896-3p,miR-6975-3p,miR-7649-3pmiR-1896,miR-6973b-3p,miR-7063-3pmiR-12202-3p,miR-6896-3p,miR-7028-3pmiR-1894-5p,miR-3473c,miR-6975-3p,miR-7649-3pmiR-12196-5p,miR-6984-3pmiR-150-5p,miR-1894-5p,miR-343,miR-5127,miR-6976-3p,miR-7045-3pmiR-343,miR-6976-3pmiR-6896-3pmiR-12196-5p","miR-6896-3pmiR-3473c,miR-6975-3p,miR-7649-3pmiR-1894-5pmiR-343,miR-6976-3pmiR-6896-3p","miR-6896-3p"
"peak17922","chr13",63285957,63286008,52,"+",6068,"peak17922",NA,"AC130827.2",NA,NA,NA,NA,FALSE,NA,"intron",3.44321046980179,4.88049322687598,0.000360403940066952,"miR-3473c,miR-6896-3p,miR-6975-3p,miR-7649-3pmiR-1896,miR-6973b-3p,miR-7063-3pmiR-1894-5p,miR-3473c,miR-6975-3p,miR-7649-3pmiR-7032-3pmiR-150-5p,miR-1894-5p,miR-343,miR-5127,miR-6976-3p,miR-7045-3pmiR-7031-3p","miR-3473c,miR-6975-3p,miR-7649-3pmiR-1894-5p",""
"peak19574","chr13",100223449,100223501,53,"-",4190,"peak19574","Naip5",NA,NA,NA,NA,NA,FALSE,NA,"exon",3.42238322685958,6.3505564241351,0.000378108789561332,"miR-31-5p",NA,NA
"peak20529","chr14",55580109,55580156,48,"+",11927,"peak20529","Psme1","Psme1",NA,NA,NA,NA,FALSE,NA,"exon",1.55798167671324,2.8628680632539,0.0276705838770706,"miR-103-1-5p,miR-103-2-5p,miR-107-5p,miR-12183-5p,miR-1903miR-12202-3p,miR-6946-3pmiR-12183-5p,miR-1903,miR-22-5p,miR-6946-3pmiR-12202-3p,miR-6896-3p,miR-7028-3pmiR-205-5p,miR-6948-3p,miR-7117-3p,miR-712-5pmiR-141-5p,miR-6769b-3p,miR-7048-3pmiR-12196-5p,miR-6984-3pmiR-692,miR-7221-5p,miR-7664-3pmiR-12202-3p,miR-207,miR-320-5p,miR-7028-3pmiR-7657-3p,miR-7673-3p,miR-7678-3pmiR-1903,miR-320-5p,miR-6901-3p,miR-7028-3pmiR-6946-3p,miR-6964-3pmiR-12196-5p","miR-12183-5p,miR-1903miR-6946-3pmiR-12202-3pmiR-12202-3p,miR-7028-3pmiR-6946-3p","miR-12202-3pmiR-6946-3p"
"peak20768","chr14",75327896,75327952,57,"+",2986,"peak20768","Zc3h13",NA,NA,NA,NA,NA,FALSE,NA,"exon",2.17071064279306,6.14384920350371,0.00674977594961086,"miR-3473c,miR-6896-3p,miR-6975-3p,miR-7649-3pmiR-1896,miR-6973b-3p,miR-7063-3pmiR-12202-3p,miR-6946-3pmiR-12202-3p,miR-6896-3p,miR-7028-3pmiR-1894-5p,miR-3473c,miR-6975-3p,miR-7649-3pmiR-7032-3pmiR-12196-5p,miR-6984-3pmiR-692,miR-7221-5p,miR-7664-3pmiR-12202-3p,miR-207,miR-320-5p,miR-7028-3pmiR-150-5p,miR-1894-5p,miR-343,miR-5127,miR-6976-3p,miR-7045-3pmiR-343,miR-6976-3pmiR-7031-3pmiR-6896-3pmiR-12196-5p","miR-6896-3pmiR-3473c,miR-6975-3p,miR-7649-3pmiR-1894-5pmiR-343,miR-6976-3pmiR-12202-3pmiR-6896-3p","miR-6896-3p"
"peak20901","chr14",101840730,101840781,52,"+",8338,"peak20901","Lmo7","Lmo7","Lmo7","Lmo7",NA,NA,FALSE,NA,"utr5",4.5782611639533,3.56330912438651,2.64082021661865e-05,"miR-31-5pmiR-31-5p","miR-31-5p",""
"peak21492","chr14",34185904,34185967,64,"-",11616,"peak21492","Gprin2",NA,NA,NA,"Gprin2",NA,FALSE,NA,"utr3",7.06153940054854,5.58407328623994,8.6788183677633e-08,"miR-31-5pmiR-31-5p","miR-31-5p",""
"peak21513","chr14",36855959,36856011,53,"-",5796,"peak21513","n-R5s46",NA,NA,NA,NA,NA,FALSE,NA,"exon",1.77454718873478,3.17059192086671,0.0168055531323996,NA,NA,NA
"peak21712","chr14",54642852,54642904,53,"-",1734,"peak21712","Acin1",NA,NA,"Cdh24",NA,"Acin1",FALSE,NA,"utr3*",1.37089877970867,2.87726603579089,0.0425697618207144,"miR-3473c,miR-6896-3p,miR-6975-3p,miR-7649-3pmiR-1896,miR-6973b-3p,miR-7063-3pmiR-1894-5p,miR-3473c,miR-6975-3p,miR-7649-3pmiR-7032-3pmiR-150-5p,miR-1894-5p,miR-343,miR-5127,miR-6976-3p,miR-7045-3pmiR-343,miR-6976-3pmiR-7031-3p","miR-3473c,miR-6975-3p,miR-7649-3pmiR-1894-5pmiR-343,miR-6976-3p",""
"peak22086","chr14",92906287,92906347,61,"-",4333,"peak22086",NA,NA,NA,NA,NA,NA,TRUE,NA,"intergenic",2.15895223279941,7.30341259583969,0.00693502078759115,"miR-3473c,miR-6896-3p,miR-6975-3p,miR-7649-3pmiR-1896,miR-6973b-3p,miR-7063-3pmiR-185-5p,miR-3473a,miR-741-3p,miR-881-5p,miR-882","",""
"peak22443","chr15",44829731,44829788,58,"+",3264,"peak22443",NA,"RP24-288B1.2",NA,NA,NA,NA,FALSE,NA,"intron",2.79629112379367,6.57929493973638,0.00159848614449465,"miR-3473c,miR-6896-3p,miR-6975-3p,miR-7649-3pmiR-1896,miR-6973b-3p,miR-7063-3pmiR-7032-3p","",""
"peak23694","chr15",51966583,51966641,59,"-",4189,"peak23694","Rad21",NA,NA,NA,NA,NA,FALSE,NA,"exon",2.23736952428297,3.35942716750709,0.00578935892769161,"miR-6919-3pmiR-6919-3pmiR-6961-3p,miR-6963-3p,miR-7014-3pmiR-3059-5p,miR-5616-5p,miR-6961-3p,miR-7032-3p,miR-7650-5p,miR-877-3pmiR-12202-3p,miR-6896-3p,miR-7028-3pmiR-205-5p,miR-6948-3p,miR-7117-3p,miR-712-5pmiR-141-5p,miR-6769b-3p,miR-7048-3pmiR-692,miR-7221-5p,miR-7664-3pmiR-12202-3p,miR-207,miR-320-5p,miR-7028-3pmiR-130a-5p,miR-130b-5p,miR-692,miR-6961-3p,miR-7014-3p,miR-7215-5pmiR-7657-3p,miR-7673-3p,miR-7678-3pmiR-1903,miR-320-5p,miR-6901-3p,miR-7028-3pmiR-712-5pmiR-6975-3p,miR-7037-3p,miR-8103miR-130a-5p,miR-7009-3pmiR-129-5p,miR-129b-5p,miR-6951-3p,miR-7078-3pmiR-3059-5p,miR-5616-5p,miR-6344,miR-6384,miR-670-3p,miR-7678-3pmiR-207miR-6344,miR-684,miR-7009-3pmiR-335-3p,miR-6951-3p,miR-7116-3p","miR-6919-3pmiR-6961-3pmiR-692miR-12202-3p,miR-7028-3pmiR-712-5p",""
"peak23717","chr15",53195611,53195668,58,"-",3626,"peak23717",NA,"Ext1",NA,NA,NA,NA,FALSE,NA,"intron",2.58569692444229,5.86893999483327,0.00259599036085942,"miR-6919-3pmiR-6919-3pmiR-205-5p,miR-6948-3p,miR-7117-3p,miR-712-5pmiR-7657-3p,miR-7673-3p,miR-7678-3pmiR-712-5pmiR-6909-3p,miR-7077-3p,miR-7685-5p,miR-7686-5pmiR-1945","miR-6919-3pmiR-712-5p",""
"peak24389","chr15",77959508,77959558,51,"-",6122,"peak24389","Eif3d","Eif3d",NA,NA,NA,NA,FALSE,NA,"exon",1.90037348194993,3.52154347758664,0.0125784323409836,"miR-6919-3pmiR-6919-3pmiR-6961-3p,miR-6963-3p,miR-7014-3pmiR-3059-5p,miR-5616-5p,miR-6961-3p,miR-7032-3p,miR-7650-5p,miR-877-3pmiR-3059-5p,miR-5616-5p,miR-670-3p,miR-6902-5pmiR-141-5p,miR-6769b-3p,miR-7048-3pmiR-6909-3p,miR-7077-3p,miR-7685-5p,miR-7686-5p","miR-6919-3pmiR-6961-3pmiR-3059-5p,miR-5616-5p",""
"peak24514","chr15",81377731,81377787,57,"-",2548,"peak24514","St13",NA,NA,NA,NA,NA,FALSE,NA,"exon",1.53184208246566,2.09368869018929,0.0293871803012853,NA,NA,NA
"peak24524","chr15",81710488,81710550,63,"-",2726,"peak24524","Rangap1",NA,NA,NA,NA,NA,FALSE,NA,"exon",1.98097844705752,2.91225037102064,0.0104477206734336,"miR-6919-3pmiR-6919-3pmiR-103-1-5p,miR-103-2-5p,miR-107-5p,miR-12183-5p,miR-1903miR-12202-3p,miR-6946-3pmiR-12183-5p,miR-1903,miR-22-5p,miR-6946-3pmiR-6961-3p,miR-6963-3p,miR-7014-3pmiR-3059-5p,miR-5616-5p,miR-6961-3p,miR-7032-3p,miR-7650-5p,miR-877-3pmiR-3059-5p,miR-5616-5p,miR-670-3p,miR-6902-5pmiR-205-5p,miR-6948-3p,miR-7117-3p,miR-712-5pmiR-1894-5p,miR-3473c,miR-6975-3p,miR-7649-3pmiR-141-5p,miR-6769b-3p,miR-7048-3pmiR-7032-3pmiR-12202-3p,miR-207,miR-320-5p,miR-7028-3pmiR-150-5p,miR-1894-5p,miR-343,miR-5127,miR-6976-3p,miR-7045-3pmiR-343,miR-6976-3pmiR-1903,miR-320-5p,miR-6901-3p,miR-7028-3pmiR-712-5pmiR-6975-3p,miR-7037-3p,miR-8103miR-207","miR-6919-3pmiR-12183-5p,miR-1903miR-6961-3pmiR-1894-5pmiR-343,miR-6976-3pmiR-12202-3pmiR-712-5pmiR-1903miR-7032-3p",""
"peak24599","chr15",83154043,83154113,71,"-",2459,"peak24599","Cyb5r3",NA,NA,NA,"Cyb5r3",NA,FALSE,NA,"utr3",2.12113669918599,4.37051054279481,0.00756594710645318,"miR-3473c,miR-6896-3p,miR-6975-3p,miR-7649-3pmiR-1896,miR-6973b-3p,miR-7063-3pmiR-6919-3pmiR-12202-3p,miR-6946-3pmiR-6961-3p,miR-6963-3p,miR-7014-3pmiR-3059-5p,miR-5616-5p,miR-6961-3p,miR-7032-3p,miR-7650-5p,miR-877-3pmiR-3059-5p,miR-5616-5p,miR-670-3p,miR-6902-5pmiR-12202-3p,miR-6896-3p,miR-7028-3pmiR-1894-5p,miR-3473c,miR-6975-3p,miR-7649-3pmiR-141-5p,miR-6769b-3p,miR-7048-3pmiR-7032-3pmiR-692,miR-7221-5p,miR-7664-3pmiR-12202-3p,miR-207,miR-320-5p,miR-7028-3pmiR-150-5p,miR-1894-5p,miR-343,miR-5127,miR-6976-3p,miR-7045-3pmiR-343,miR-6976-3pmiR-7031-3pmiR-6975-3p,miR-7037-3p,miR-8103","miR-6961-3pmiR-6896-3pmiR-3473c,miR-6975-3p,miR-7649-3pmiR-1894-5pmiR-343,miR-6976-3pmiR-3059-5p,miR-5616-5pmiR-12202-3pmiR-12202-3p,miR-7028-3pmiR-7032-3p","miR-12202-3p"
"peak24600","chr15",83154156,83154219,64,"-",6098,"peak24600","Cyb5r3",NA,NA,NA,"Cyb5r3",NA,FALSE,NA,"utr3",3.0300754458565,6.40316238064726,0.000933092189470464,"miR-3473c,miR-6896-3p,miR-6975-3p,miR-7649-3pmiR-1896,miR-6973b-3p,miR-7063-3pmiR-6919-3pmiR-3059-5p,miR-5616-5p,miR-6961-3p,miR-7032-3p,miR-7650-5p,miR-877-3pmiR-1894-5p,miR-3473c,miR-6975-3p,miR-7649-3pmiR-7032-3pmiR-6975-3p,miR-7037-3p,miR-8103","miR-3473c,miR-6975-3p,miR-7649-3pmiR-7032-3p",""
"peak24937","chr15",98591510,98591562,53,"-",2463,"peak24937","Adcy6",NA,NA,NA,"Adcy6","Adcy6",FALSE,NA,"utr3",3.16186913286865,4.07737296115946,0.000688859841072532,"miR-6919-3pmiR-6919-3pmiR-205-5p,miR-6948-3p,miR-7117-3p,miR-712-5pmiR-12202-3p,miR-207,miR-320-5p,miR-7028-3pmiR-343,miR-6976-3pmiR-1903,miR-320-5p,miR-6901-3p,miR-7028-3pmiR-712-5pmiR-6975-3p,miR-7037-3p,miR-8103miR-207","miR-6919-3pmiR-712-5p",""
"peak25317","chr16",11143903,11143950,48,"+",2728,"peak25317",NA,NA,NA,NA,NA,NA,TRUE,NA,"intergenic",1.44977421993877,2.23506519995469,0.0354997896795481,"miR-6919-3pmiR-1945",NA,NA
"peak26732","chr16",4590392,4590446,55,"-",15211,"peak26732",NA,NA,NA,NA,NA,NA,TRUE,NA,"intergenic",1.41483939772916,2.09960853650721,0.0384734030538319,"miR-7657-3p,miR-7673-3p,miR-7678-3pmiR-3059-5p,miR-5616-5p,miR-6344,miR-6384,miR-670-3p,miR-7678-3pmiR-7009-3p",NA,NA
"peak27893","chr17",13808995,13809050,56,"+",2668,"peak27893","Mllt4",NA,NA,NA,NA,NA,FALSE,NA,"exon",2.42083930304987,3.63228101188769,0.00379455364468119,"miR-103-1-5p,miR-103-2-5p,miR-107-5p,miR-12183-5p,miR-1903miR-12202-3p,miR-6946-3pmiR-12183-5p,miR-1903,miR-22-5p,miR-6946-3pmiR-12202-3p,miR-6896-3p,miR-7028-3pmiR-205-5p,miR-6948-3p,miR-7117-3p,miR-712-5pmiR-130b-5p,miR-7014-3p,miR-7211-5pmiR-12196-5p,miR-6984-3pmiR-692,miR-7221-5p,miR-7664-3pmiR-12202-3p,miR-207,miR-320-5p,miR-7028-3pmiR-130a-5p,miR-130b-5p,miR-692,miR-6961-3p,miR-7014-3p,miR-7215-5pmiR-7657-3p,miR-7673-3p,miR-7678-3pmiR-1903,miR-320-5p,miR-6901-3p,miR-7028-3pmiR-712-5pmiR-6935-3p,miR-7092-3pmiR-6946-3p,miR-6964-3pmiR-130a-5p,miR-7009-3pmiR-129-5p,miR-129b-5p,miR-6951-3p,miR-7078-3pmiR-3059-5p,miR-5616-5p,miR-6344,miR-6384,miR-670-3p,miR-7678-3pmiR-7009-3pmiR-6344,miR-684,miR-7009-3pmiR-185-5p,miR-3473a,miR-741-3p,miR-881-5p,miR-882miR-335-3p,miR-6951-3p,miR-7116-3p","miR-6946-3pmiR-130b-5p,miR-7014-3pmiR-692miR-12202-3p,miR-7028-3pmiR-712-5pmiR-6946-3pmiR-1903","miR-6946-3p"
"peak28584","chr17",34905156,34905226,71,"+",3742,"peak28584","Ehmt2",NA,NA,NA,NA,NA,FALSE,NA,"exon",2.62329326194999,5.2572955176951,0.00238071132591686,"miR-6919-3pmiR-6919-3pmiR-103-1-5p,miR-103-2-5p,miR-107-5p,miR-12183-5p,miR-1903miR-12202-3p,miR-6946-3pmiR-12183-5p,miR-1903,miR-22-5p,miR-6946-3pmiR-6961-3p,miR-6963-3p,miR-7014-3pmiR-3059-5p,miR-5616-5p,miR-6961-3p,miR-7032-3p,miR-7650-5p,miR-877-3pmiR-3059-5p,miR-5616-5p,miR-670-3p,miR-6902-5pmiR-141-5p,miR-6769b-3p,miR-7048-3p","miR-6919-3pmiR-12183-5p,miR-1903miR-6961-3pmiR-6946-3p",""
"peak28790","chr17",36857605,36857660,56,"+",3621,"peak28790","Trim26","Trim26",NA,NA,NA,NA,FALSE,NA,"exon",2.10884545323096,3.82312135549526,0.0077831347012899,"miR-6919-3pmiR-6919-3pmiR-103-1-5p,miR-103-2-5p,miR-107-5p,miR-12183-5p,miR-1903miR-12202-3p,miR-6946-3pmiR-12183-5p,miR-1903,miR-22-5p,miR-6946-3pmiR-6961-3p,miR-6963-3p,miR-7014-3pmiR-3059-5p,miR-5616-5p,miR-6961-3p,miR-7032-3p,miR-7650-5p,miR-877-3pmiR-3059-5p,miR-5616-5p,miR-670-3p,miR-6902-5pmiR-141-5p,miR-6769b-3p,miR-7048-3pmiR-1903,miR-320-5p,miR-6901-3p,miR-7028-3pmiR-7031-3p","miR-6919-3pmiR-12183-5p,miR-1903miR-6961-3pmiR-6946-3pmiR-3059-5p,miR-5616-5pmiR-1903",""
"peak29944","chr17",34507977,34508034,58,"-",3488,"peak29944","Btnl6",NA,NA,NA,NA,NA,FALSE,NA,"exon",2.93212508993729,4.05406187575309,0.00116916258835427,"miR-103-1-5p,miR-103-2-5p,miR-107-5p,miR-12183-5p,miR-1903miR-12202-3p,miR-6946-3pmiR-6961-3p,miR-6963-3p,miR-7014-3pmiR-3059-5p,miR-5616-5p,miR-6961-3p,miR-7032-3p,miR-7650-5p,miR-877-3pmiR-3059-5p,miR-5616-5p,miR-670-3p,miR-6902-5pmiR-205-5p,miR-6948-3p,miR-7117-3p,miR-712-5pmiR-1894-5p,miR-3473c,miR-6975-3p,miR-7649-3pmiR-7032-3pmiR-12202-3p,miR-207,miR-320-5p,miR-7028-3pmiR-150-5p,miR-1894-5p,miR-343,miR-5127,miR-6976-3p,miR-7045-3pmiR-343,miR-6976-3pmiR-7657-3p,miR-7673-3p,miR-7678-3pmiR-7031-3pmiR-712-5pmiR-6935-3p,miR-7092-3pmiR-6909-3p,miR-7077-3p,miR-7685-5p,miR-7686-5pmiR-6975-3p,miR-7037-3p,miR-8103miR-130a-5p,miR-7009-3pmiR-3059-5p,miR-5616-5p,miR-6344,miR-6384,miR-670-3p,miR-7678-3pmiR-7009-3pmiR-207miR-6344,miR-684,miR-7009-3p","miR-343,miR-6976-3pmiR-3059-5p,miR-5616-5pmiR-12202-3pmiR-712-5pmiR-7032-3p",""
"peak29981","chr17",34950436,34950481,46,"-",1894,"peak29981","RP23-349B4.7","RP23-349B4.7",NA,NA,NA,NA,FALSE,NA,"exon",2.6394546747697,3.06702629631938,0.0022937460052159,NA,NA,NA
"peak30573","chr17",78854647,78854713,67,"-",3088,"peak30573","Eif2ak2",NA,NA,NA,"Eif2ak2",NA,FALSE,NA,"utr3",2.55783433550542,5.32689350969311,0.00276799731488517,"miR-3473c,miR-6896-3p,miR-6975-3p,miR-7649-3pmiR-1896,miR-6973b-3p,miR-7063-3pmiR-6919-3pmiR-6919-3pmiR-3059-5p,miR-5616-5p,miR-670-3p,miR-6902-5pmiR-12202-3p,miR-6896-3p,miR-7028-3pmiR-1894-5p,miR-3473c,miR-6975-3p,miR-7649-3pmiR-130b-5p,miR-7014-3p,miR-7211-5pmiR-12196-5p,miR-6984-3pmiR-692,miR-7221-5p,miR-7664-3pmiR-130a-5p,miR-130b-5p,miR-692,miR-6961-3p,miR-7014-3p,miR-7215-5pmiR-150-5p,miR-1894-5p,miR-343,miR-5127,miR-6976-3p,miR-7045-3pmiR-343,miR-6976-3pmiR-6896-3pmiR-6935-3p,miR-7092-3pmiR-6909-3p,miR-7077-3p,miR-7685-5p,miR-7686-5pmiR-6946-3p,miR-6964-3p","miR-6919-3pmiR-6896-3pmiR-3473c,miR-6975-3p,miR-7649-3pmiR-1894-5pmiR-130b-5p,miR-7014-3pmiR-343,miR-6976-3pmiR-692miR-6896-3p","miR-6896-3p"
"peak30618","chr17",80453854,80453900,47,"-",2663,"peak30618","Sos1",NA,NA,NA,NA,NA,FALSE,NA,"exon",3.2763225349877,6.98541223630112,0.000529270227816724,NA,NA,NA
"peak31410","chr18",57897379,57897425,47,"+",5558,"peak31410","Slc12a2","Slc12a2",NA,NA,NA,NA,FALSE,NA,"exon",2.35043948319802,1.69695615280527,0.00446231800457571,NA,NA,NA
"peak31915","chr18",82956655,82956713,59,"+",4010,"peak31915","Zfp516",NA,NA,NA,NA,NA,FALSE,NA,"exon",3.84299807893034,6.31813805432099,0.000143549578314951,"",NA,NA
"peak32497","chr18",60814955,60815045,91,"-",1904,"peak32497","Tcof1","Tcof1",NA,NA,NA,"Tcof1",FALSE,NA,"utr3*",1.77058120030735,2.74529610132501,0.0169597247559372,"miR-103-1-5p,miR-103-2-5p,miR-107-5p,miR-12183-5p,miR-1903miR-12202-3p,miR-6946-3pmiR-12183-5p,miR-1903,miR-22-5p,miR-6946-3pmiR-12196-5p,miR-6984-3pmiR-7657-3p,miR-7673-3p,miR-7678-3pmiR-1903,miR-320-5p,miR-6901-3p,miR-7028-3pmiR-712-5pmiR-6896-3pmiR-6935-3p,miR-7092-3pmiR-6975-3p,miR-7037-3p,miR-8103miR-6946-3p,miR-6964-3pmiR-130a-5p,miR-7009-3pmiR-129-5p,miR-129b-5p,miR-6951-3p,miR-7078-3pmiR-3059-5p,miR-5616-5p,miR-6344,miR-6384,miR-670-3p,miR-7678-3pmiR-7009-3pmiR-207miR-12196-5pmiR-6344,miR-684,miR-7009-3pmiR-335-3p,miR-6951-3p,miR-7116-3p","miR-12183-5p,miR-1903miR-6946-3pmiR-6946-3pmiR-1903","miR-6946-3p"
"peak33049","chr19",7259964,7260012,49,"+",3531,"peak33049","Gm23997",NA,NA,NA,NA,NA,FALSE,NA,"exon",2.3014995901952,3.40814129187285,0.00499459651503357,"",NA,NA
"peak33551","chr19",21276553,21276597,45,"+",3060,"peak33551","Zfand5","Zfand5",NA,NA,NA,NA,FALSE,NA,"exon",2.9945872023707,2.05553681550755,0.0010125414193204,NA,NA,NA
"peak33951","chr19",44303884,44303962,79,"+",4099,"peak33951","Scd2",NA,NA,NA,"Scd2",NA,FALSE,NA,"utr3",5.90119114992189,4.8886389898005,1.25547725761476e-06,"miR-335-3p,miR-6951-3p,miR-7116-3p",NA,NA
"peak34597","chr19",5796090,5796131,42,"-",19304,"peak34597","Malat1","Malat1",NA,NA,NA,NA,FALSE,NA,"exon",1.5491457595543,1.28752380285452,0.0282393203711338,NA,NA,NA
"peak34599","chr19",5796334,5796383,50,"-",15417,"peak34599","Malat1","Malat1",NA,NA,NA,NA,FALSE,NA,"exon",2.50400510622911,1.55779014316132,0.00313324888484059,"miR-7009-3p",NA,NA
"peak34608","chr19",5797232,5797285,54,"-",40986,"peak34608","Malat1",NA,NA,NA,NA,NA,FALSE,NA,"exon",1.70551814568766,1.41857704787915,0.01970070892015,"miR-185-5p,miR-3473a,miR-741-3p,miR-881-5p,miR-882",NA,NA
"peak34622","chr19",5798668,5798695,28,"-",9324,"peak34622","Malat1",NA,NA,NA,NA,NA,FALSE,NA,"exon",4.01024392120161,2.46539004952492,9.76688510438429e-05,NA,NA,NA
"peak34641","chr19",5800711,5800781,71,"-",39045,"peak34641","Malat1",NA,NA,NA,NA,NA,FALSE,NA,"exon",2.50273527145369,1.65759538299877,0.00314242360593719,"miR-103-1-5p,miR-103-2-5p,miR-107-5p,miR-12183-5p,miR-1903miR-12202-3p,miR-6946-3pmiR-12183-5p,miR-1903,miR-22-5p,miR-6946-3pmiR-7031-3pmiR-6935-3p,miR-7092-3p","miR-6946-3p",""
"peak34653","chr19",5801868,5801909,42,"-",67414,"peak34653","Malat1",NA,NA,NA,NA,NA,FALSE,NA,"exon",2.62950012229737,2.49703293633377,0.00234692860179102,"miR-12202-3p,miR-6946-3pmiR-12183-5p,miR-1903,miR-22-5p,miR-6946-3pmiR-12202-3p,miR-6896-3p,miR-7028-3pmiR-12202-3p,miR-207,miR-320-5p,miR-7028-3pmiR-6909-3p,miR-7077-3p,miR-7685-5p,miR-7686-5pmiR-6946-3p,miR-6964-3pmiR-129-5p,miR-129b-5p,miR-6951-3p,miR-7078-3pmiR-335-3p,miR-6951-3p,miR-7116-3p","miR-12202-3pmiR-12202-3p,miR-7028-3pmiR-6946-3p","miR-12202-3p"
"peak34814","chr19",5840298,5840345,48,"-",2719,"peak34814","Neat1",NA,NA,NA,NA,NA,FALSE,NA,"exon",2.60647910860074,2.94222088500633,0.00247469050153809,"miR-12202-3p,miR-6896-3p,miR-7028-3pmiR-141-5p,miR-6769b-3p,miR-7048-3pmiR-692,miR-7221-5p,miR-7664-3p","",""
"peak35042","chr19",10063103,10063162,60,"-",4263,"peak35042",NA,NA,NA,NA,NA,"Fads2",FALSE,NA,"utr3*",2.80190664617555,2.71796693118001,0.00157795042177625,"miR-12196-5p,miR-6984-3pmiR-3059-5p,miR-5616-5p,miR-6344,miR-6384,miR-670-3p,miR-7678-3pmiR-12196-5pmiR-6344,miR-684,miR-7009-3pmiR-335-3p,miR-6951-3p,miR-7116-3p",NA,NA
"peak36415","chr2",34772344,34772403,60,"+",17242,"peak36415","Hspa5",NA,NA,NA,NA,NA,FALSE,NA,"exon",2.24748731867398,3.02977406848814,0.00565604272397912,"miR-6919-3pmiR-6919-3pmiR-103-1-5p,miR-103-2-5p,miR-107-5p,miR-12183-5p,miR-1903miR-205-5p,miR-6948-3p,miR-7117-3p,miR-712-5pmiR-1903,miR-320-5p,miR-6901-3p,miR-7028-3pmiR-712-5p","miR-6919-3pmiR-712-5pmiR-1903",""
"peak36791","chr2",71214507,71214558,52,"+",6487,"peak36791","Dync1i2","Dync1i2",NA,NA,NA,NA,FALSE,NA,"exon",2.26785803753391,3.36535427965136,0.00539687006929263,"miR-103-1-5p,miR-103-2-5p,miR-107-5p,miR-12183-5p,miR-1903miR-12202-3p,miR-6946-3pmiR-12183-5p,miR-1903,miR-22-5p,miR-6946-3pmiR-6961-3p,miR-6963-3p,miR-7014-3pmiR-3059-5p,miR-5616-5p,miR-6961-3p,miR-7032-3p,miR-7650-5p,miR-877-3pmiR-3059-5p,miR-5616-5p,miR-670-3p,miR-6902-5pmiR-12202-3p,miR-6896-3p,miR-7028-3pmiR-130b-5p,miR-7014-3p,miR-7211-5pmiR-12202-3p,miR-207,miR-320-5p,miR-7028-3pmiR-7657-3p,miR-7673-3p,miR-7678-3pmiR-6935-3p,miR-7092-3pmiR-6946-3p,miR-6964-3pmiR-130a-5p,miR-7009-3pmiR-129-5p,miR-129b-5p,miR-6951-3p,miR-7078-3pmiR-3059-5p,miR-5616-5p,miR-6344,miR-6384,miR-670-3p,miR-7678-3pmiR-7009-3pmiR-12196-5pmiR-6344,miR-684,miR-7009-3pmiR-335-3p,miR-6951-3p,miR-7116-3p","miR-6961-3pmiR-6946-3pmiR-3059-5p,miR-5616-5pmiR-12202-3pmiR-12202-3p,miR-7028-3pmiR-6946-3p","miR-12202-3pmiR-6946-3p"
"peak38311","chr2",164017358,164017498,141,"+",4135,"peak38311","Ywhab",NA,NA,NA,"Ywhab",NA,FALSE,NA,"utr3",1.90416705875664,2.04673803308163,0.0124690377924033,"miR-3473c,miR-6896-3p,miR-6975-3p,miR-7649-3pmiR-1896,miR-6973b-3p,miR-7063-3pmiR-12202-3p,miR-6896-3p,miR-7028-3pmiR-205-5p,miR-6948-3p,miR-7117-3p,miR-712-5pmiR-1894-5p,miR-3473c,miR-6975-3p,miR-7649-3pmiR-141-5p,miR-6769b-3p,miR-7048-3pmiR-7032-3pmiR-12196-5p,miR-6984-3pmiR-692,miR-7221-5p,miR-7664-3pmiR-7657-3p,miR-7673-3p,miR-7678-3pmiR-7031-3pmiR-712-5pmiR-6896-3pmiR-6909-3p,miR-7077-3p,miR-7685-5p,miR-7686-5pmiR-6975-3p,miR-7037-3p,miR-8103miR-129-5p,miR-129b-5p,miR-6951-3p,miR-7078-3p","miR-6896-3pmiR-6896-3p","miR-6896-3p"
"peak38676","chr2",13656433,13656485,53,"-",5987,"peak38676","St8sia6",NA,NA,NA,"St8sia6",NA,FALSE,NA,"utr3",2.74033218313157,6.23308874005515,0.00181830953811468,"miR-12202-3p,miR-6896-3p,miR-7028-3pmiR-692,miR-7221-5p,miR-7664-3p",NA,NA
"peak38884","chr2",27452969,27453023,55,"-",3498,"peak38884","Brd3",NA,NA,NA,NA,NA,FALSE,NA,"exon",2.90343150734808,4.13939824651205,0.0012490174117931,"miR-103-1-5p,miR-103-2-5p,miR-107-5p,miR-12183-5p,miR-1903miR-12202-3p,miR-6946-3pmiR-12183-5p,miR-1903,miR-22-5p,miR-6946-3pmiR-12202-3p,miR-6896-3p,miR-7028-3pmiR-205-5p,miR-6948-3p,miR-7117-3p,miR-712-5pmiR-130b-5p,miR-7014-3p,miR-7211-5pmiR-12196-5p,miR-6984-3pmiR-692,miR-7221-5p,miR-7664-3pmiR-12202-3p,miR-207,miR-320-5p,miR-7028-3pmiR-130a-5p,miR-130b-5p,miR-692,miR-6961-3p,miR-7014-3p,miR-7215-5pmiR-7657-3p,miR-7673-3p,miR-7678-3pmiR-1903,miR-320-5p,miR-6901-3p,miR-7028-3pmiR-6935-3p,miR-7092-3pmiR-6946-3p,miR-6964-3pmiR-130a-5p,miR-7009-3pmiR-3059-5p,miR-5616-5p,miR-6344,miR-6384,miR-670-3p,miR-7678-3pmiR-7009-3pmiR-6344,miR-684,miR-7009-3p","miR-12183-5p,miR-1903miR-6946-3pmiR-130b-5p,miR-7014-3pmiR-12202-3pmiR-692miR-12202-3p,miR-7028-3pmiR-6946-3pmiR-1903","miR-12202-3pmiR-6946-3p"
"peak39172","chr2",60750557,60750642,86,"-",3498,"peak39172","Rbms1",NA,NA,NA,"Rbms1","Rbms1",FALSE,NA,"utr3",3.29066945953295,3.81356125628438,0.000512071423571217,"miR-12196-5p,miR-6984-3pmiR-150-5p,miR-1894-5p,miR-343,miR-5127,miR-6976-3p,miR-7045-3p",NA,NA
"peak40195","chr2",131178623,131178675,53,"-",2732,"peak40195","Cenpb","Spef1",NA,NA,NA,NA,FALSE,NA,"exon",1.95700779608027,4.2574410291583,0.0110405880061206,"miR-6919-3pmiR-6919-3pmiR-103-1-5p,miR-103-2-5p,miR-107-5p,miR-12183-5p,miR-1903miR-12202-3p,miR-6946-3pmiR-12183-5p,miR-1903,miR-22-5p,miR-6946-3pmiR-6961-3p,miR-6963-3p,miR-7014-3pmiR-3059-5p,miR-5616-5p,miR-6961-3p,miR-7032-3p,miR-7650-5p,miR-877-3pmiR-3059-5p,miR-5616-5p,miR-670-3p,miR-6902-5pmiR-1894-5p,miR-3473c,miR-6975-3p,miR-7649-3pmiR-141-5p,miR-6769b-3p,miR-7048-3pmiR-7032-3pmiR-150-5p,miR-1894-5p,miR-343,miR-5127,miR-6976-3p,miR-7045-3pmiR-343,miR-6976-3p","miR-6919-3pmiR-12183-5p,miR-1903miR-6961-3pmiR-1894-5pmiR-343,miR-6976-3pmiR-3059-5p,miR-5616-5pmiR-7032-3p",""
"peak40941","chr2",167309224,167309272,49,"-",1974,"peak40941","B4galt5",NA,NA,NA,NA,NA,FALSE,NA,"exon",3.74824669117941,4.65901398658919,0.000178547308905727,"miR-1896,miR-6973b-3p,miR-7063-3pmiR-7032-3pmiR-31-5p","",NA
"peak41022","chr2",170109442,170109494,53,"-",5299,"peak41022","Zfp217",NA,NA,NA,"Zfp217",NA,FALSE,NA,"utr3",2.88691261302616,4.81642976053869,0.00129744031039635,"miR-31-5pmiR-31-5p","miR-31-5p",""
"peak41610","chr3",60603758,60603814,57,"+",3001,"peak41610","Mbnl1","Mbnl1",NA,NA,NA,NA,FALSE,NA,"exon",3.2043640324604,4.00150305351516,0.000624648882762518,"miR-31-5pmiR-31-5p","miR-31-5p",NA
"peak42155","chr3",95944318,95944368,51,"+",1636,"peak42155","Anp32e","Anp32e",NA,NA,"Anp32e","Anp32e",FALSE,NA,"utr3",1.44211627154154,2.14354164161857,0.036131311709257,"miR-6919-3pmiR-6919-3pmiR-103-1-5p,miR-103-2-5p,miR-107-5p,miR-12183-5p,miR-1903miR-12202-3p,miR-6946-3pmiR-12183-5p,miR-1903,miR-22-5p,miR-6946-3pmiR-6961-3p,miR-6963-3p,miR-7014-3pmiR-3059-5p,miR-5616-5p,miR-670-3p,miR-6902-5pmiR-141-5p,miR-6769b-3p,miR-7048-3pmiR-7031-3p","miR-6919-3pmiR-12183-5p,miR-1903",""
"peak42456","chr3",108358784,108358834,51,"+",2450,"peak42456","Sort1",NA,NA,NA,"Sort1",NA,FALSE,NA,"utr3",1.99652703600216,4.08541719105114,0.0100802885489759,"miR-6919-3pmiR-6919-3pmiR-103-1-5p,miR-103-2-5p,miR-107-5p,miR-12183-5p,miR-1903miR-12202-3p,miR-6946-3pmiR-12183-5p,miR-1903,miR-22-5p,miR-6946-3pmiR-6961-3p,miR-6963-3p,miR-7014-3pmiR-3059-5p,miR-5616-5p,miR-6961-3p,miR-7032-3p,miR-7650-5p,miR-877-3pmiR-3059-5p,miR-5616-5p,miR-670-3p,miR-6902-5pmiR-1894-5p,miR-3473c,miR-6975-3p,miR-7649-3pmiR-130b-5p,miR-7014-3p,miR-7211-5pmiR-141-5p,miR-6769b-3p,miR-7048-3pmiR-12202-3p,miR-207,miR-320-5p,miR-7028-3pmiR-130a-5p,miR-130b-5p,miR-692,miR-6961-3p,miR-7014-3p,miR-7215-5pmiR-150-5p,miR-1894-5p,miR-343,miR-5127,miR-6976-3p,miR-7045-3pmiR-343,miR-6976-3pmiR-7031-3pmiR-207","miR-12183-5p,miR-1903miR-6961-3pmiR-6946-3pmiR-1894-5pmiR-130b-5p,miR-7014-3pmiR-343,miR-6976-3pmiR-12202-3pmiR-6961-3p,miR-7014-3p",""
"peak42549","chr3",122276677,122276732,56,"+",2439,"peak42549","Dnttip2","Dnttip2",NA,NA,NA,NA,FALSE,NA,"exon",1.51982315845342,3.68869750717493,0.0302118167312093,"miR-6919-3pmiR-6919-3pmiR-12183-5p,miR-1903,miR-22-5p,miR-6946-3pmiR-6961-3p,miR-6963-3p,miR-7014-3pmiR-3059-5p,miR-5616-5p,miR-6961-3p,miR-7032-3p,miR-7650-5p,miR-877-3pmiR-3059-5p,miR-5616-5p,miR-670-3p,miR-6902-5pmiR-130b-5p,miR-7014-3p,miR-7211-5pmiR-141-5p,miR-6769b-3p,miR-7048-3pmiR-12196-5p,miR-6984-3pmiR-130a-5p,miR-130b-5p,miR-692,miR-6961-3p,miR-7014-3p,miR-7215-5pmiR-6896-3pmiR-6975-3p,miR-7037-3p,miR-8103miR-6946-3p,miR-6964-3pmiR-130a-5p,miR-7009-3pmiR-129-5p,miR-129b-5p,miR-6951-3p,miR-7078-3pmiR-3059-5p,miR-5616-5p,miR-6344,miR-6384,miR-670-3p,miR-7678-3pmiR-207miR-6344,miR-684,miR-7009-3pmiR-335-3p,miR-6951-3p,miR-7116-3p","miR-6961-3pmiR-130b-5p,miR-7014-3pmiR-3059-5p,miR-5616-5pmiR-6946-3pmiR-6961-3p,miR-7014-3p",""
"peak42639","chr3",132114577,132114631,55,"+",26899,"peak42639",NA,"Dkk2",NA,NA,NA,NA,FALSE,NA,"intron",7.35931242980024,6.43825358703711,4.37207466606559e-08,"miR-692,miR-7221-5p,miR-7664-3pmiR-31-5pmiR-7009-3pmiR-31-5pmiR-6344,miR-684,miR-7009-3p","miR-31-5p",""
"peak42674","chr3",135858148,135858204,57,"+",6999,"peak42674","Slc39a8",NA,NA,NA,NA,NA,FALSE,NA,"exon",3.95818631512708,4.21978529566555,0.000110106684344283,NA,NA,NA
"peak42848","chr3",154243559,154243614,56,"+",5194,"peak42848","Slc44a5","Slc44a5",NA,NA,NA,NA,FALSE,NA,"exon",2.56059032736017,4.85403126158021,0.00275048748141514,NA,NA,NA
"peak43016","chr3",30068410,30068468,59,"-",2028,"peak43016",NA,"Mecom",NA,NA,NA,NA,FALSE,NA,"intron",1.6280868535493,4.03511044513353,0.0235457835012691,"miR-3473c,miR-6896-3p,miR-6975-3p,miR-7649-3pmiR-6919-3pmiR-6919-3pmiR-103-1-5p,miR-103-2-5p,miR-107-5p,miR-12183-5p,miR-1903miR-12202-3p,miR-6896-3p,miR-7028-3pmiR-205-5p,miR-6948-3p,miR-7117-3p,miR-712-5pmiR-1894-5p,miR-3473c,miR-6975-3p,miR-7649-3pmiR-12202-3p,miR-207,miR-320-5p,miR-7028-3pmiR-343,miR-6976-3pmiR-7657-3p,miR-7673-3p,miR-7678-3pmiR-1903,miR-320-5p,miR-6901-3p,miR-7028-3pmiR-712-5pmiR-6909-3p,miR-7077-3p,miR-7685-5p,miR-7686-5pmiR-6975-3p,miR-7037-3p,miR-8103","miR-6919-3pmiR-6896-3pmiR-3473c,miR-6975-3p,miR-7649-3pmiR-12202-3p,miR-7028-3pmiR-712-5pmiR-1903",""
"peak43745","chr3",101595005,101595073,69,"-",10600,"peak43745","Atp1a1",NA,NA,NA,NA,NA,FALSE,NA,"exon",2.12979134934856,1.55655827433703,0.00741666478906609,"miR-103-1-5p,miR-103-2-5p,miR-107-5p,miR-12183-5p,miR-1903miR-205-5p,miR-6948-3p,miR-7117-3p,miR-712-5pmiR-7657-3p,miR-7673-3p,miR-7678-3pmiR-1903,miR-320-5p,miR-6901-3p,miR-7028-3pmiR-129-5p,miR-129b-5p,miR-6951-3p,miR-7078-3pmiR-3059-5p,miR-5616-5p,miR-6344,miR-6384,miR-670-3p,miR-7678-3pmiR-12196-5p","miR-1903",""
"peak45682","chr4",124705911,124705969,59,"+",4732,"peak45682","Fhl3",NA,NA,NA,NA,NA,FALSE,NA,"exon",1.87047387028557,3.97046265662683,0.0134749179594996,"miR-31-5p",NA,NA
"peak46025","chr4",134353185,134353245,61,"+",8023,"peak46025","Slc30a2",NA,NA,NA,"Slc30a2","Slc30a2",FALSE,NA,"utr3",2.88846881457471,3.04286209652623,0.001292799529653,"miR-3473c,miR-6896-3p,miR-6975-3p,miR-7649-3pmiR-12202-3p,miR-6896-3p,miR-7028-3pmiR-205-5p,miR-6948-3p,miR-7117-3p,miR-712-5pmiR-141-5p,miR-6769b-3p,miR-7048-3pmiR-712-5pmiR-6896-3pmiR-6909-3p,miR-7077-3p,miR-7685-5p,miR-7686-5pmiR-6975-3p,miR-7037-3p,miR-8103miR-129-5p,miR-129b-5p,miR-6951-3p,miR-7078-3pmiR-207miR-335-3p,miR-6951-3p,miR-7116-3p","miR-6896-3pmiR-6896-3pmiR-712-5p","miR-6896-3p"
"peak46580","chr4",150615390,150615443,54,"+",6425,"peak46580","Rere",NA,NA,NA,NA,NA,FALSE,NA,"exon",3.04234531613029,3.75924935568941,0.000907098991016461,"miR-31-5p",NA,NA
"peak46902","chr4",19521106,19521165,60,"-",3617,"peak46902","Cpne3",NA,NA,NA,"Cpne3",NA,FALSE,NA,"utr3",3.54925670661761,7.56189360328412,0.000282321071330322,"miR-3473c,miR-6896-3p,miR-6975-3p,miR-7649-3pmiR-1896,miR-6973b-3p,miR-7063-3p","",""
"peak47201","chr4",45346627,45346670,44,"-",3075,"peak47201",NA,NA,NA,NA,NA,NA,TRUE,NA,"intergenic",1.72749937396894,1.84699728580828,0.01872839782695,"miR-6896-3pmiR-207",NA,NA
"peak47299","chr4",53033773,53033819,47,"-",3264,"peak47299","Abca1",NA,NA,NA,"Abca1",NA,FALSE,NA,"utr3",3.50760351145581,6.00857146271429,0.000310739518567382,NA,NA,NA
"peak48045","chr4",120975389,120975447,59,"-",2794,"peak48045","Smap2",NA,NA,NA,NA,NA,FALSE,NA,"exon",1.91869871250646,2.4097805737686,0.0120587221215923,"miR-103-1-5p,miR-103-2-5p,miR-107-5p,miR-12183-5p,miR-1903miR-12202-3p,miR-6946-3pmiR-6935-3p,miR-7092-3pmiR-130a-5p,miR-7009-3pmiR-129-5p,miR-129b-5p,miR-6951-3p,miR-7078-3pmiR-7009-3pmiR-6344,miR-684,miR-7009-3p","",""
"peak48053","chr4",122859132,122859197,66,"-",2302,"peak48053","Cap1",NA,NA,NA,"Cap1",NA,FALSE,NA,"utr3",1.53706994248698,2.09017855240793,0.0290355500354928,"miR-12183-5p,miR-1903,miR-22-5p,miR-6946-3pmiR-6961-3p,miR-6963-3p,miR-7014-3pmiR-3059-5p,miR-5616-5p,miR-6961-3p,miR-7032-3p,miR-7650-5p,miR-877-3pmiR-3059-5p,miR-5616-5p,miR-670-3p,miR-6902-5pmiR-130b-5p,miR-7014-3p,miR-7211-5pmiR-141-5p,miR-6769b-3p,miR-7048-3pmiR-12196-5p,miR-6984-3pmiR-130a-5p,miR-130b-5p,miR-692,miR-6961-3p,miR-7014-3p,miR-7215-5pmiR-6946-3p,miR-6964-3pmiR-130a-5p,miR-7009-3pmiR-7009-3pmiR-6344,miR-684,miR-7009-3p","miR-6961-3pmiR-3059-5p,miR-5616-5pmiR-6946-3pmiR-6961-3p,miR-7014-3p",""
"peak48538","chr4",135322446,135322496,51,"-",2919,"peak48538","Srrm1",NA,NA,NA,NA,NA,FALSE,NA,"exon",1.69443592352656,2.61554995495919,0.0202098958989776,"miR-103-1-5p,miR-103-2-5p,miR-107-5p,miR-12183-5p,miR-1903miR-12202-3p,miR-6946-3pmiR-12183-5p,miR-1903,miR-22-5p,miR-6946-3pmiR-205-5p,miR-6948-3p,miR-7117-3p,miR-712-5pmiR-141-5p,miR-6769b-3p,miR-7048-3pmiR-1903,miR-320-5p,miR-6901-3p,miR-7028-3pmiR-712-5pmiR-6935-3p,miR-7092-3pmiR-6946-3p,miR-6964-3pmiR-130a-5p,miR-7009-3pmiR-129-5p,miR-129b-5p,miR-6951-3p,miR-7078-3pmiR-335-3p,miR-6951-3p,miR-7116-3p","miR-12183-5p,miR-1903miR-6946-3pmiR-712-5pmiR-6946-3pmiR-1903",""
"peak49291","chr5",32135934,32135992,59,"+",2345,"peak49291","Fosl2",NA,"Fosl2",NA,NA,NA,FALSE,NA,"utr5",2.10630515724257,2.9380366934176,0.00782879358873367,"miR-3473c,miR-6896-3p,miR-6975-3p,miR-7649-3pmiR-1896,miR-6973b-3p,miR-7063-3pmiR-6961-3p,miR-6963-3p,miR-7014-3pmiR-1894-5p,miR-3473c,miR-6975-3p,miR-7649-3pmiR-130b-5p,miR-7014-3p,miR-7211-5pmiR-7032-3pmiR-12196-5p,miR-6984-3pmiR-12202-3p,miR-207,miR-320-5p,miR-7028-3pmiR-130a-5p,miR-130b-5p,miR-692,miR-6961-3p,miR-7014-3p,miR-7215-5pmiR-150-5p,miR-1894-5p,miR-343,miR-5127,miR-6976-3p,miR-7045-3pmiR-7031-3pmiR-6946-3p,miR-6964-3pmiR-1945","miR-3473c,miR-6975-3p,miR-7649-3pmiR-1894-5pmiR-130b-5p,miR-7014-3pmiR-6961-3p,miR-7014-3p",""
"peak49655","chr5",64829543,64829603,61,"+",2325,"peak49655","Klf3",NA,NA,NA,"Klf3","Klf3",FALSE,NA,"utr3",3.54684000649205,4.32043633380469,0.000283896470662834,"miR-31-5p",NA,NA
"peak51995","chr5",104092927,104092989,63,"-",2734,"peak51995","Sparcl1",NA,NA,NA,NA,NA,FALSE,NA,"exon",1.37347108576174,3.41130549592357,0.0423183683287876,"miR-103-1-5p,miR-103-2-5p,miR-107-5p,miR-12183-5p,miR-1903miR-12202-3p,miR-6946-3pmiR-12183-5p,miR-1903,miR-22-5p,miR-6946-3pmiR-6961-3p,miR-6963-3p,miR-7014-3pmiR-3059-5p,miR-5616-5p,miR-6961-3p,miR-7032-3p,miR-7650-5p,miR-877-3pmiR-3059-5p,miR-5616-5p,miR-670-3p,miR-6902-5pmiR-141-5p,miR-6769b-3p,miR-7048-3p","miR-12183-5p,miR-1903miR-6961-3pmiR-6946-3pmiR-3059-5p,miR-5616-5p",""
"peak52734","chr5",137150005,137150071,67,"-",11192,"peak52734",NA,NA,NA,"Muc3",NA,NA,FALSE,NA,"utr5*",1.46089885325466,1.74386007980103,0.0346019956140078,NA,NA,NA
"peak53062","chr5",149625108,149625161,54,"-",4443,"peak53062","Hsph1",NA,NA,NA,NA,NA,FALSE,NA,"exon",1.36996220495703,3.41351375383365,0.0426616644055264,"miR-3473c,miR-6896-3p,miR-6975-3p,miR-7649-3pmiR-12202-3p,miR-6896-3p,miR-7028-3pmiR-1894-5p,miR-3473c,miR-6975-3p,miR-7649-3pmiR-130b-5p,miR-7014-3p,miR-7211-5pmiR-12196-5p,miR-6984-3pmiR-12202-3p,miR-207,miR-320-5p,miR-7028-3p","miR-6896-3pmiR-3473c,miR-6975-3p,miR-7649-3pmiR-12202-3p,miR-7028-3p",NA
"peak53206","chr6",11933467,11933523,57,"+",2793,"peak53206","Phf14","Phf14",NA,NA,NA,NA,FALSE,NA,"exon",1.68865690868862,3.84403878810391,0.0204806196048004,"miR-205-5p,miR-6948-3p,miR-7117-3p,miR-712-5pmiR-130b-5p,miR-7014-3p,miR-7211-5pmiR-12196-5p,miR-6984-3pmiR-12202-3p,miR-207,miR-320-5p,miR-7028-3pmiR-150-5p,miR-1894-5p,miR-343,miR-5127,miR-6976-3p,miR-7045-3pmiR-343,miR-6976-3pmiR-7657-3p,miR-7673-3p,miR-7678-3pmiR-1903,miR-320-5p,miR-6901-3p,miR-7028-3pmiR-712-5pmiR-6896-3pmiR-6935-3p,miR-7092-3pmiR-6975-3p,miR-7037-3p,miR-8103miR-6946-3p,miR-6964-3pmiR-129-5p,miR-129b-5p,miR-6951-3p,miR-7078-3pmiR-3059-5p,miR-5616-5p,miR-6344,miR-6384,miR-670-3p,miR-7678-3pmiR-7009-3pmiR-207miR-12196-5pmiR-335-3p,miR-6951-3p,miR-7116-3p","miR-343,miR-6976-3p",""
"peak54077","chr6",86996119,86996160,42,"+",2490,"peak54077","Aak1",NA,NA,NA,"Aak1",NA,FALSE,NA,"utr3",1.41851321957074,1.98267065579311,0.0381493181760583,"miR-12202-3p,miR-207,miR-320-5p,miR-7028-3pmiR-150-5p,miR-1894-5p,miR-343,miR-5127,miR-6976-3p,miR-7045-3pmiR-6975-3p,miR-7037-3p,miR-8103miR-207","",NA
"peak54078","chr6",86996187,86996242,56,"+",4141,"peak54078","Aak1",NA,NA,NA,"Aak1",NA,FALSE,NA,"utr3",4.92624506827819,5.56843226559279,1.18509981880434e-05,"miR-130a-5p,miR-130b-5p,miR-692,miR-6961-3p,miR-7014-3p,miR-7215-5pmiR-31-5pmiR-130a-5p,miR-7009-3pmiR-129-5p,miR-129b-5p,miR-6951-3p,miR-7078-3pmiR-31-5pmiR-12196-5pmiR-6344,miR-684,miR-7009-3pmiR-335-3p,miR-6951-3p,miR-7116-3p","miR-31-5p",""
"peak54288","chr6",100866032,100866085,54,"+",2946,"peak54288","Ppp4r2","Ppp4r2",NA,NA,NA,NA,FALSE,NA,"exon",2.56317585089317,5.00279857894069,0.00273416140834476,"miR-6919-3pmiR-6919-3pmiR-103-1-5p,miR-103-2-5p,miR-107-5p,miR-12183-5p,miR-1903miR-12202-3p,miR-6946-3pmiR-12183-5p,miR-1903,miR-22-5p,miR-6946-3pmiR-6961-3p,miR-6963-3p,miR-7014-3pmiR-3059-5p,miR-5616-5p,miR-6961-3p,miR-7032-3p,miR-7650-5p,miR-877-3pmiR-3059-5p,miR-5616-5p,miR-670-3p,miR-6902-5pmiR-141-5p,miR-6769b-3p,miR-7048-3pmiR-6909-3p,miR-7077-3p,miR-7685-5p,miR-7686-5p","miR-6919-3pmiR-12183-5p,miR-1903miR-6961-3pmiR-3059-5p,miR-5616-5p",""
"peak55060","chr6",21867491,21867543,53,"-",16248,"peak55060",NA,NA,NA,NA,NA,NA,TRUE,NA,"intergenic",9.0923591305382,6.20628654557838,8.08427111178125e-10,NA,NA,NA
"peak55518","chr6",67035454,67035511,58,"-",2062,"peak55518","Gadd45a",NA,NA,NA,"Gadd45a","Gadd45a",FALSE,NA,"utr3",1.49360882032082,3.20169825182547,0.0320915859085427,"miR-3473c,miR-6896-3p,miR-6975-3p,miR-7649-3pmiR-1896,miR-6973b-3p,miR-7063-3pmiR-103-1-5p,miR-103-2-5p,miR-107-5p,miR-12183-5p,miR-1903miR-12183-5p,miR-1903,miR-22-5p,miR-6946-3pmiR-205-5p,miR-6948-3p,miR-7117-3p,miR-712-5pmiR-1894-5p,miR-3473c,miR-6975-3p,miR-7649-3pmiR-7032-3pmiR-692,miR-7221-5p,miR-7664-3pmiR-130a-5p,miR-130b-5p,miR-692,miR-6961-3p,miR-7014-3p,miR-7215-5pmiR-150-5p,miR-1894-5p,miR-343,miR-5127,miR-6976-3p,miR-7045-3pmiR-343,miR-6976-3pmiR-7657-3p,miR-7673-3p,miR-7678-3pmiR-1903,miR-320-5p,miR-6901-3p,miR-7028-3pmiR-7031-3pmiR-6896-3pmiR-130a-5p,miR-7009-3pmiR-7009-3p","miR-12183-5p,miR-1903miR-3473c,miR-6975-3p,miR-7649-3pmiR-1894-5pmiR-343,miR-6976-3pmiR-692miR-1903",""
"peak55653","chr6",78466297,78466341,45,"-",2868,"peak55653","Reg3g",NA,NA,NA,"Reg3g",NA,FALSE,NA,"utr3",3.95953045576776,4.18950784563211,0.00010976643116729,"miR-3059-5p,miR-5616-5p,miR-670-3p,miR-6902-5p",NA,NA
"peak55655","chr6",78466411,78466461,51,"-",6386,"peak55655","Reg3g",NA,NA,NA,"Reg3g",NA,FALSE,NA,"utr3",3.64560256857736,4.13897901133041,0.000226150437069986,NA,NA,NA
"peak55686","chr6",82726911,82726955,45,"-",2069,"peak55686","Hk2",NA,NA,NA,"Hk2",NA,FALSE,NA,"utr3",2.69982062687985,3.91437841558135,0.00199608657215284,"miR-6919-3pmiR-6919-3pmiR-6961-3p,miR-6963-3p,miR-7014-3pmiR-3059-5p,miR-5616-5p,miR-6961-3p,miR-7032-3p,miR-7650-5p,miR-877-3pmiR-3059-5p,miR-5616-5p,miR-670-3p,miR-6902-5pmiR-141-5p,miR-6769b-3p,miR-7048-3pmiR-343,miR-6976-3p","miR-6919-3pmiR-6961-3p",""
"peak56754","chr6",148797457,148797510,54,"-",2953,"peak56754",NA,"Ipo8",NA,NA,NA,NA,FALSE,NA,"intron",2.52698095614156,7.71020025630423,0.00297179634246128,"miR-3473c,miR-6896-3p,miR-6975-3p,miR-7649-3pmiR-1896,miR-6973b-3p,miR-7063-3pmiR-12202-3p,miR-6896-3p,miR-7028-3pmiR-1894-5p,miR-3473c,miR-6975-3p,miR-7649-3pmiR-7032-3pmiR-150-5p,miR-1894-5p,miR-343,miR-5127,miR-6976-3p,miR-7045-3pmiR-7031-3p","miR-6896-3pmiR-3473c,miR-6975-3p,miR-7649-3pmiR-1894-5p",""
"peak56892","chr7",13305904,13305951,48,"+",15138,"peak56892","Lig1","Lig1",NA,NA,NA,NA,FALSE,NA,"exon",6.20214822183002,5.28117837047646,6.2784404322988e-07,NA,NA,NA
"peak57464","chr7",59284684,59284740,57,"+",3428,"peak57464","Ube3a",NA,NA,NA,NA,NA,FALSE,NA,"exon",2.99802076837577,3.49068848464077,0.00100456774974314,"miR-103-1-5p,miR-103-2-5p,miR-107-5p,miR-12183-5p,miR-1903miR-12183-5p,miR-1903,miR-22-5p,miR-6946-3pmiR-6344,miR-684,miR-7009-3p","miR-12183-5p,miR-1903",NA
"peak57485","chr7",67152279,67152338,60,"+",4183,"peak57485","Adamts17",NA,NA,NA,"Adamts17",NA,FALSE,NA,"utr3",3.78128918500743,4.21322707380306,0.000165466779780416,"miR-185-5p,miR-3473a,miR-741-3p,miR-881-5p,miR-882",NA,NA
"peak57911","chr7",96797438,96797496,59,"+",5719,"peak57911","Tenm4",NA,NA,NA,NA,NA,FALSE,NA,"exon",1.75202660251373,3.37037015514229,0.0177000053440775,"miR-1894-5p,miR-3473c,miR-6975-3p,miR-7649-3p",NA,NA
"peak58131","chr7",104233603,104233623,21,"+",4719,"peak58131","Trim6",NA,NA,NA,"Trim6","Trim6",FALSE,NA,"utr3",6.84395536881568,5.42425095760071,1.43233508863315e-07,NA,NA,NA
"peak58369","chr7",123001949,123002023,75,"+",2973,"peak58369","Rbbp6",NA,NA,NA,"Rbbp6",NA,FALSE,NA,"utr3",1.92734204905163,2.59435639363543,0.0118211016251838,"miR-103-1-5p,miR-103-2-5p,miR-107-5p,miR-12183-5p,miR-1903miR-12202-3p,miR-6946-3pmiR-12183-5p,miR-1903,miR-22-5p,miR-6946-3pmiR-205-5p,miR-6948-3p,miR-7117-3p,miR-712-5pmiR-12202-3p,miR-207,miR-320-5p,miR-7028-3pmiR-1903,miR-320-5p,miR-6901-3p,miR-7028-3pmiR-712-5pmiR-6935-3p,miR-7092-3pmiR-6975-3p,miR-7037-3p,miR-8103miR-6946-3p,miR-6964-3pmiR-130a-5p,miR-7009-3pmiR-129-5p,miR-129b-5p,miR-6951-3p,miR-7078-3pmiR-207miR-335-3p,miR-6951-3p,miR-7116-3p","miR-12183-5p,miR-1903miR-6946-3pmiR-12202-3pmiR-712-5pmiR-6946-3pmiR-1903","miR-6946-3p"
"peak58653","chr7",131058080,131058120,41,"+",9425,"peak58653","Dmbt1",NA,NA,NA,NA,NA,FALSE,NA,"exon",1.56224469267798,1.58871454060124,0.0274002993361884,NA,NA,NA
"peak59285","chr7",20010115,20010167,53,"-",2865,"peak59285","n-R5s152",NA,NA,NA,NA,NA,FALSE,NA,"exon",1.3101459453446,3.86721907599809,0.0489614256077288,NA,NA,NA
"peak59336","chr7",25463262,25463320,59,"-",7709,"peak59336","Ceacam1",NA,NA,NA,"Ceacam1","Ceacam1",FALSE,NA,"utr3",2.21547744618448,2.37247738640234,0.0060886716467831,"miR-3059-5p,miR-5616-5p,miR-6344,miR-6384,miR-670-3p,miR-7678-3p",NA,NA
"peak60062","chr7",63887972,63888041,70,"-",4390,"peak60062","Klf13",NA,NA,NA,"Klf13",NA,FALSE,NA,"utr3",2.0127319128218,2.59418524128586,0.00971109241724022,"miR-12202-3p,miR-6946-3pmiR-31-5pmiR-31-5p","miR-31-5p",""
"peak60145","chr7",67240378,67240438,61,"-",12685,"peak60145","Mef2a",NA,NA,NA,"Mef2a",NA,FALSE,NA,"utr3",3.83632504934616,4.04882301982714,0.000145772281372904,"miR-31-5pmiR-31-5p","miR-31-5p",NA
"peak60740","chr7",118852431,118852488,58,"-",2059,"peak60740","Knop1","Knop1",NA,NA,NA,NA,FALSE,NA,"exon",1.72104479367599,2.86188462318057,0.0190088221044362,"miR-103-1-5p,miR-103-2-5p,miR-107-5p,miR-12183-5p,miR-1903miR-12202-3p,miR-6946-3pmiR-12183-5p,miR-1903,miR-22-5p,miR-6946-3pmiR-6961-3p,miR-6963-3p,miR-7014-3pmiR-3059-5p,miR-5616-5p,miR-6961-3p,miR-7032-3p,miR-7650-5p,miR-877-3pmiR-3059-5p,miR-5616-5p,miR-670-3p,miR-6902-5pmiR-12202-3p,miR-6896-3p,miR-7028-3pmiR-130b-5p,miR-7014-3p,miR-7211-5pmiR-141-5p,miR-6769b-3p,miR-7048-3pmiR-692,miR-7221-5p,miR-7664-3pmiR-130a-5p,miR-130b-5p,miR-692,miR-6961-3p,miR-7014-3p,miR-7215-5pmiR-7657-3p,miR-7673-3p,miR-7678-3pmiR-3059-5p,miR-5616-5p,miR-6344,miR-6384,miR-670-3p,miR-7678-3pmiR-7009-3p","miR-12183-5p,miR-1903miR-6961-3pmiR-6946-3pmiR-130b-5p,miR-7014-3pmiR-3059-5p,miR-5616-5pmiR-692",""
"peak60750","chr7",120754170,120754221,52,"-",7311,"peak60750",NA,NA,NA,NA,NA,NA,TRUE,NA,"intergenic",1.80549238747001,1.66153456667458,0.0156497575065889,"miR-12183-5p,miR-1903,miR-22-5p,miR-6946-3pmiR-6946-3p,miR-6964-3p","miR-6946-3p",NA
"peak61197","chr7",142576202,142576252,51,"-",5480,"peak61197","H19","H19",NA,NA,NA,NA,FALSE,NA,"exon",6.28304003670079,5.10032391764886,5.21146665468392e-07,NA,NA,NA
"peak61486","chr8",22564086,22564146,61,"+",2364,"peak61486","Slc20a2",NA,NA,NA,NA,NA,FALSE,NA,"exon",4.32067720700608,5.09308668299869,4.7788433320512e-05,"miR-6919-3pmiR-6919-3pmiR-103-1-5p,miR-103-2-5p,miR-107-5p,miR-12183-5p,miR-1903","miR-6919-3p",NA
"peak62189","chr8",85525538,85525597,60,"+",6446,"peak62189","Gpt2",NA,NA,NA,NA,"Gpt2",FALSE,NA,"utr3*",2.84614823587336,5.26551665136293,0.00142512108010943,"miR-130b-5p,miR-7014-3p,miR-7211-5p",NA,NA
"peak62397","chr8",94138773,94138826,54,"+",4166,"peak62397","Mt4","Mt4",NA,NA,NA,NA,FALSE,NA,"exon",1.40317632597437,1.70607771918956,0.039520613160391,NA,NA,NA
"peak62399","chr8",94153901,94153957,57,"+",28944,"peak62399","Mt3",NA,NA,NA,"Mt3","Mt3",FALSE,NA,"utr3",1.32090184923284,1.82161897173649,0.0477637207705234,"miR-12202-3p,miR-207,miR-320-5p,miR-7028-3p",NA,NA
"peak62928","chr8",122383852,122383910,59,"+",2298,"peak62928","Zc3h18","AC114005.5",NA,NA,NA,NA,FALSE,NA,"exon",2.32355639774678,4.82618759899776,0.00474726638647226,"miR-6919-3pmiR-6919-3pmiR-3059-5p,miR-5616-5p,miR-6961-3p,miR-7032-3p,miR-7650-5p,miR-877-3pmiR-3059-5p,miR-5616-5p,miR-670-3p,miR-6902-5pmiR-1894-5p,miR-3473c,miR-6975-3p,miR-7649-3pmiR-7032-3pmiR-12202-3p,miR-207,miR-320-5p,miR-7028-3pmiR-1903,miR-320-5p,miR-6901-3p,miR-7028-3pmiR-6909-3p,miR-7077-3p,miR-7685-5p,miR-7686-5pmiR-6975-3p,miR-7037-3p,miR-8103miR-207","miR-6919-3pmiR-3059-5p,miR-5616-5pmiR-7032-3p",""
"peak63961","chr8",88438001,88438086,86,"-",2827,"peak63961",NA,NA,NA,NA,NA,NA,TRUE,NA,"intergenic",2.21158020498494,5.31750912970976,0.00614355562778661,"miR-185-5p,miR-3473a,miR-741-3p,miR-881-5p,miR-882",NA,NA
"peak64766","chr9",21642550,21642598,49,"+",3017,"peak64766","Smarca4","Smarca4",NA,NA,NA,NA,FALSE,NA,"exon",1.33481768622551,1.78133827872073,0.0462575166453364,"miR-103-1-5p,miR-103-2-5p,miR-107-5p,miR-12183-5p,miR-1903miR-12202-3p,miR-6946-3pmiR-12183-5p,miR-1903,miR-22-5p,miR-6946-3pmiR-12202-3p,miR-207,miR-320-5p,miR-7028-3pmiR-1903,miR-320-5p,miR-6901-3p,miR-7028-3pmiR-712-5pmiR-6935-3p,miR-7092-3pmiR-6975-3p,miR-7037-3p,miR-8103miR-6946-3p,miR-6964-3pmiR-130a-5p,miR-7009-3pmiR-129-5p,miR-129b-5p,miR-6951-3p,miR-7078-3pmiR-207miR-335-3p,miR-6951-3p,miR-7116-3p","miR-12183-5p,miR-1903miR-6946-3pmiR-12202-3pmiR-6946-3pmiR-1903","miR-6946-3p"
"peak64827","chr9",22011532,22011583,52,"+",2309,"peak64827","Prkcsh","Prkcsh",NA,NA,NA,NA,FALSE,NA,"exon",1.44359241631843,3.41747164699114,0.0360087116985798,"miR-6919-3pmiR-6919-3pmiR-103-1-5p,miR-103-2-5p,miR-107-5p,miR-12183-5p,miR-1903miR-12202-3p,miR-6946-3pmiR-12183-5p,miR-1903,miR-22-5p,miR-6946-3pmiR-6961-3p,miR-6963-3p,miR-7014-3pmiR-3059-5p,miR-5616-5p,miR-6961-3p,miR-7032-3p,miR-7650-5p,miR-877-3pmiR-3059-5p,miR-5616-5p,miR-670-3p,miR-6902-5pmiR-141-5p,miR-6769b-3p,miR-7048-3p","miR-6919-3pmiR-12183-5p,miR-1903miR-6961-3pmiR-6946-3pmiR-3059-5p,miR-5616-5p",""
"peak65015","chr9",44636737,44636804,68,"+",2788,"peak65015","Ddx6",NA,NA,NA,"Ddx6","Ddx6",FALSE,NA,"utr3",1.47090297225574,2.1491544042688,0.033814037327656,"miR-6919-3pmiR-103-1-5p,miR-103-2-5p,miR-107-5p,miR-12183-5p,miR-1903miR-12202-3p,miR-6946-3pmiR-12183-5p,miR-1903,miR-22-5p,miR-6946-3pmiR-3059-5p,miR-5616-5p,miR-670-3p,miR-6902-5pmiR-12202-3p,miR-6896-3p,miR-7028-3pmiR-205-5p,miR-6948-3p,miR-7117-3p,miR-712-5pmiR-692,miR-7221-5p,miR-7664-3pmiR-12202-3p,miR-207,miR-320-5p,miR-7028-3pmiR-130a-5p,miR-130b-5p,miR-692,miR-6961-3p,miR-7014-3p,miR-7215-5pmiR-150-5p,miR-1894-5p,miR-343,miR-5127,miR-6976-3p,miR-7045-3pmiR-7657-3p,miR-7673-3p,miR-7678-3pmiR-1903,miR-320-5p,miR-6901-3p,miR-7028-3pmiR-712-5pmiR-6896-3pmiR-6935-3p,miR-7092-3pmiR-6909-3p,miR-7077-3p,miR-7685-5p,miR-7686-5pmiR-6946-3p,miR-6964-3pmiR-130a-5p,miR-7009-3pmiR-129-5p,miR-129b-5p,miR-6951-3p,miR-7078-3pmiR-3059-5p,miR-5616-5p,miR-6344,miR-6384,miR-670-3p,miR-7678-3pmiR-7009-3pmiR-207miR-12196-5pmiR-6344,miR-684,miR-7009-3p","miR-6946-3pmiR-12202-3pmiR-692miR-12202-3p,miR-7028-3pmiR-712-5pmiR-1903","miR-12202-3p"
"peak65138","chr9",53699848,53699898,51,"+",2958,"peak65138",NA,NA,NA,NA,NA,NA,TRUE,NA,"intergenic",2.46812344443033,6.40077259563717,0.00340311445382913,NA,NA,NA
"peak65188","chr9",56588242,56588298,57,"+",7450,"peak65188",NA,NA,NA,NA,NA,NA,TRUE,NA,"intergenic",14.8603602655751,23.7650711424838,1.37923965249969e-15,"miR-3473c,miR-6896-3p,miR-6975-3p,miR-7649-3pmiR-1896,miR-6973b-3p,miR-7063-3p","",""
"peak65414","chr9",65324253,65324306,54,"+",6819,"peak65414","Clpx","Clpx",NA,NA,NA,NA,FALSE,NA,"exon",4.96774328974967,4.16994047878662,1.07710169729212e-05,"miR-130b-5p,miR-7014-3p,miR-7211-5pmiR-6935-3p,miR-7092-3pmiR-6946-3p,miR-6964-3pmiR-335-3p,miR-6951-3p,miR-7116-3p",NA,NA
"peak65642","chr9",72748053,72748103,51,"+",2552,"peak65642","Nedd4",NA,NA,NA,"Nedd4","Nedd4",FALSE,NA,"utr3",4.40795713943941,4.76166967640707,3.90879469818166e-05,NA,NA,NA
"peak66074","chr9",108683938,108684000,63,"+",2271,"peak66074","Slc25a20",NA,NA,NA,"Slc25a20",NA,FALSE,NA,"utr3",1.47574778475112,2.30801044940648,0.03343891791846,"miR-6919-3pmiR-6919-3pmiR-6961-3p,miR-6963-3p,miR-7014-3pmiR-3059-5p,miR-5616-5p,miR-670-3p,miR-6902-5pmiR-141-5p,miR-6769b-3p,miR-7048-3pmiR-7032-3pmiR-343,miR-6976-3pmiR-7031-3p","miR-6919-3p",""
"peak66348","chr9",119434831,119434887,57,"+",3006,"peak66348","Acvr2b",NA,NA,NA,"Acvr2b","Acvr2b",FALSE,NA,"utr3",3.33521747181429,5.44405204678015,0.000462149543285398,"miR-103-1-5p,miR-103-2-5p,miR-107-5p,miR-12183-5p,miR-1903miR-6935-3p,miR-7092-3p","",NA
"peak66947","chr9",42966931,42966985,55,"-",6031,"peak66947","Arhgef12",NA,NA,NA,"Arhgef12","Arhgef12",FALSE,NA,"utr3",3.53278140759417,4.12145501126764,0.000293236881607421,"miR-31-5pmiR-31-5p","miR-31-5p",""
"peak67157","chr9",56223909,56223964,56,"-",4027,"peak67157",NA,"Peak1",NA,NA,NA,NA,FALSE,NA,"intron",1.3376852326007,2.28903504204547,0.0459530950423938,"miR-6919-3pmiR-1945",NA,NA
"peak67576","chr9",78479282,78479373,92,"-",10631,"peak67576","Eef1a1",NA,NA,NA,NA,NA,FALSE,NA,"exon",2.26004786178177,2.1900340738406,0.00549480314589178,"miR-6935-3p,miR-7092-3p",NA,NA
"peak67775","chr9",97075758,97075809,52,"-",2451,"peak67775","Slc25a36",NA,NA,NA,"Slc25a36",NA,FALSE,NA,"utr3",3.12108601165415,4.942016958309,0.000756683019749226,NA,NA,NA
"peak68225","chrM",2285,2311,27,"+",156080,"peak68225","mt-Rnr2",NA,NA,NA,NA,NA,FALSE,NA,"exon",1.99559801305022,1.9519285842402,0.0101018749226421,NA,NA,NA
"peak68235","chrM",3251,3301,51,"+",17960,"peak68235","mt-Nd1",NA,NA,NA,NA,NA,FALSE,NA,"exon",1.39275064940115,1.97490913342615,0.0404808246035697,NA,NA,NA
"peak68245","chrM",4635,4695,61,"+",7579,"peak68245","mt-Nd2",NA,NA,NA,NA,NA,FALSE,NA,"exon",2.47068405847379,2.48681314173221,0.00338310861851961,"",NA,NA
"peak68249","chrM",5487,5514,28,"+",9545,"peak68249","mt-Co1",NA,NA,NA,NA,NA,FALSE,NA,"exon",3.7739629489338,4.4792177700681,0.000168281762155794,NA,NA,NA
"peak68266","chrM",11419,11480,62,"+",15014,"peak68266","mt-Nd4",NA,NA,NA,NA,NA,FALSE,NA,"exon",3.12056881570987,2.82643769068967,0.000757584681010722,NA,NA,NA
"peak68275","chrM",12372,12457,86,"+",13159,"peak68275","mt-Nd5",NA,NA,NA,NA,NA,FALSE,NA,"exon",3.04506149716322,3.1632371608826,0.000901443481961255,"miR-1903,miR-320-5p,miR-6901-3p,miR-7028-3pmiR-3059-5p,miR-5616-5p,miR-6344,miR-6384,miR-670-3p,miR-7678-3pmiR-6344,miR-684,miR-7009-3p",NA,NA
"peak68282","chrM",13042,13087,46,"+",5608,"peak68282","mt-Nd5",NA,NA,NA,NA,NA,FALSE,NA,"exon",2.12705139759346,2.09444652287093,0.00746360423417862,NA,NA,NA
"peak68289","chrM",13804,13862,59,"+",7569,"peak68289",NA,NA,NA,NA,NA,NA,TRUE,NA,"intergenic",2.62329326194999,2.23476014336637,0.00238071132591686,NA,NA,NA
"peak68296","chrM",14566,14630,65,"+",10035,"peak68296","mt-Cytb",NA,NA,NA,NA,NA,FALSE,NA,"exon",2.16243187286485,2.09023199412909,0.00687967824343013,NA,NA,NA
"peak68301","chrM",15148,15170,23,"+",3940,"peak68301","mt-Cytb",NA,NA,NA,NA,NA,FALSE,NA,"exon",3.38918533652811,3.35463691633505,0.000408145171933748,NA,NA,NA
"peak68317","chrM",5188,5238,51,"-",6527,"peak68317","mt-Tc",NA,NA,NA,NA,NA,FALSE,NA,"exon",4.12480457939582,3.33243008197156,7.50231717086008e-05,"miR-12202-3p,miR-6896-3p,miR-7028-3pmiR-6896-3p","miR-6896-3p",NA
"peak68967","chrX",109160490,109160571,82,"+",3107,"peak68967","Sh3bgrl","Sh3bgrl",NA,NA,"Sh3bgrl",NA,FALSE,NA,"utr3",2.4894747096248,4.97026331096801,0.00323985288598886,"miR-3473c,miR-6896-3p,miR-6975-3p,miR-7649-3pmiR-1896,miR-6973b-3p,miR-7063-3pmiR-6919-3pmiR-12202-3p,miR-6946-3pmiR-3059-5p,miR-5616-5p,miR-6961-3p,miR-7032-3p,miR-7650-5p,miR-877-3pmiR-12202-3p,miR-6896-3p,miR-7028-3pmiR-1894-5p,miR-3473c,miR-6975-3p,miR-7649-3pmiR-7032-3pmiR-692,miR-7221-5p,miR-7664-3pmiR-12202-3p,miR-207,miR-320-5p,miR-7028-3pmiR-712-5pmiR-6975-3p,miR-7037-3p,miR-8103miR-12196-5p","miR-6896-3pmiR-3473c,miR-6975-3p,miR-7649-3pmiR-12202-3pmiR-12202-3p,miR-7028-3pmiR-7032-3p","miR-12202-3p"
"peak69093","chrX",151316267,151316324,58,"+",4487,"peak69093","Wnk3",NA,NA,NA,"Wnk3","Wnk3",FALSE,NA,"utr3",2.23919441358365,6.15343460116623,0.00576508329463538,"miR-3473c,miR-6896-3p,miR-6975-3p,miR-7649-3p",NA,NA
"peak69125","chrX",151880547,151880632,86,"+",2482,"peak69125","Huwe1",NA,NA,NA,NA,NA,FALSE,NA,"exon",1.34526926883412,1.72161194131688,0.0451575874013925,"miR-6919-3pmiR-6919-3pmiR-712-5p","miR-6919-3p",""
"peak69720","chrX",103473874,103473932,59,"-",9115,"peak69720","Xist",NA,NA,NA,NA,NA,FALSE,NA,"exon",4.18980983860198,3.76699125393627,6.45936998906124e-05,"miR-31-5pmiR-31-5p","miR-31-5p",NA
