"","pathway","pval","padj","ES","NES","nMoreExtreme","size","leadingEdge"
"1","REACTOME_HEMOSTASIS",0.312056737588652,0.855602025093551,-0.413312519929584,-1.1433644029483,131,17,"c(`11931` = ""Atp1b1"", `14828` = ""Hspa5"", `19087` = ""Prkar2a"", `105675` = ""Ppif"")"
"2","REACTOME_IMMUNE_SYSTEM",0.062953995157385,0.533720456397718,-0.479152480436487,-1.46233425044682,25,25,"c(`21354` = ""Tap1"", `14964` = ""H2-D1"", `20208` = ""Saa1"", `14828` = ""Hspa5"")"
"3","REACTOME_ADAPTIVE_IMMUNE_SYSTEM",0.0757946210268949,0.533720456397718,-0.510813546859924,-1.42705677381312,30,19,"c(`21354` = ""Tap1"", `14964` = ""H2-D1"", `14828` = ""Hspa5"")"
"4","PARENT_MTOR_SIGNALING_UP",0.873524451939292,1,0.262820778070383,0.684490107198138,517,19,"c(`16400` = ""Itga3"", `17698` = ""Msn"", `226982` = ""Eif5b"", `18951` = ""Sept5"", `18193` = ""Nsd1"")"
"5","NAKAMURA_TUMOR_ZONE_PERIPHERAL_VS_CENTRAL_DN",0.709134615384615,0.997756798414621,-0.299921267925761,-0.808300226838709,294,16,"c(`14964` = ""H2-D1"", `14828` = ""Hspa5"", `16206` = ""Lrig1"")"
"6","ONKEN_UVEAL_MELANOMA_UP",0.293220338983051,0.855602025093551,0.416620711725214,1.12720573476643,172,24,"c(`56878` = ""Rbms1"", `50932` = ""Mink1"", `237459` = ""Cdk17"", `56348` = ""Hsd17b12"", `17069` = ""Ly6e"", `17698` = ""Msn"", `66356` = ""Knop1"")"
"7","GAZDA_DIAMOND_BLACKFAN_ANEMIA_ERYTHROID_DN",0.816470588235294,1,-0.254905776744309,-0.756370996718194,346,22,"c(`17939` = ""Naga"", `14866` = ""Gstm5"", `14828` = ""Hspa5"", `72027` = ""Slc39a4"")"
"8","SENGUPTA_NASOPHARYNGEAL_CARCINOMA_WITH_LMP1_UP",0.299287410926366,0.855602025093551,-0.427061000438622,-1.14126119125575,125,15,"c(`67579` = ""Cpeb4"", `19087` = ""Prkar2a"", `105675` = ""Ppif"", `28105` = ""Trim36"")"
"9","FULCHER_INFLAMMATORY_RESPONSE_LECTIN_VS_LPS_UP",0.128813559322034,0.701192857672075,0.525586513399401,1.35001304237731,75,18,"c(`20361` = ""Sema7a"", `16534` = ""Kcnn4"", `50932` = ""Mink1"", `20316` = ""Sdf2"", `72065` = ""Rap2c"")"
"10","FULCHER_INFLAMMATORY_RESPONSE_LECTIN_VS_LPS_DN",0.566552901023891,0.967145861343814,0.37195676673757,0.927045704173847,331,16,"c(`56878` = ""Rbms1"", `12492` = ""Scarb2"", `17069` = ""Ly6e"", `17698` = ""Msn"", `72065` = ""Rap2c"")"
"11","CASORELLI_ACUTE_PROMYELOCYTIC_LEUKEMIA_DN",0.606796116504854,0.976712561618222,-0.302845414054813,-0.914908911946198,249,24,"c(`67880` = ""Dcxr"", `14828` = ""Hspa5"", `19087` = ""Prkar2a"", `71853` = ""Pdia6"", `109552` = ""Sri"")"
"12","DIAZ_CHRONIC_MEYLOGENOUS_LEUKEMIA_UP",0.330721003134796,0.855602025093551,0.341976762186534,1.08219120961722,210,50,"c(`16534` = ""Kcnn4"", `56878` = ""Rbms1"", `50932` = ""Mink1"", `11977` = ""Atp7a"", `12492` = ""Scarb2"", `56348` = ""Hsd17b12"", `17069` = ""Ly6e"", `17698` = ""Msn"", `218210` = ""Nup153"")"
"13","CHARAFE_BREAST_CANCER_LUMINAL_VS_MESENCHYMAL_UP",0.124352331606218,0.700518134715026,0.53825778336689,1.34888582141467,71,17,"c(`66166` = ""S100a14"", `240753` = ""Plekha6"", `14120` = ""Fbp2"")"
"14","BASAKI_YBX1_TARGETS_DN",0.631067961165049,0.976712561618222,-0.312790260009356,-0.871646159723691,259,18,"c(`14964` = ""H2-D1"", `14866` = ""Gstm5"")"
"15","WANG_LMO4_TARGETS_DN",0.374083129584352,0.855602025093551,-0.381103501676999,-1.06468659050892,152,19,"c(`14964` = ""H2-D1"", `67579` = ""Cpeb4"")"
"16","OSMAN_BLADDER_CANCER_UP",0.307426597582038,0.855602025093551,0.456932597079608,1.1450831192584,177,17,"c(`56878` = ""Rbms1"", `12492` = ""Scarb2"", `72065` = ""Rap2c"", `228136` = ""Zdhhc5"", `238799` = ""Tnpo1"", `22038` = ""Plscr1"", `23879` = ""Fxr2"")"
"17","GINESTIER_BREAST_CANCER_ZNF217_AMPLIFIED_DN",0.450511945392491,0.876644736842105,0.40677544562637,1.01382596891264,263,16,"c(`50932` = ""Mink1"", `79566` = ""Sh3bp5l"", `57330` = ""Gigyf1"", `328365` = ""Zmiz1"", `100088` = ""Rcc1"", `238799` = ""Tnpo1"", `382038` = ""Urb2"", `23879` = ""Fxr2"", `75956` = ""Srrm2"", `53609` = ""Clasrp"")"
"18","MULLIGHAN_MLL_SIGNATURE_1_UP",0.380378657487091,0.855602025093551,0.444775092664963,1.07939515780902,220,15,"c(`14284` = ""Fosl2"", `16400` = ""Itga3"", `217692` = ""Sipa1l1"", `66713` = ""Actr2"")"
"19","MULLIGHAN_MLL_SIGNATURE_2_UP",0.389830508474576,0.855602025093551,0.413954693787985,1.06327735076872,229,18,"c(`14284` = ""Fosl2"", `16400` = ""Itga3"", `217692` = ""Sipa1l1"", `66356` = ""Knop1"", `14120` = ""Fbp2"", `66713` = ""Actr2"")"
"20","SENESE_HDAC3_TARGETS_UP",0.38265306122449,0.855602025093551,0.403960456413992,1.06503515720744,224,20,"c(`50932` = ""Mink1"", `12492` = ""Scarb2"", `237459` = ""Cdk17"", `17210` = ""Mcl1"", `17698` = ""Msn"", `66713` = ""Actr2"", `11487` = ""Adam10"", `13211` = ""Dhx9"")"
"21","SENESE_HDAC3_TARGETS_DN",0.621160409556314,0.976712561618222,0.359004587074222,0.894764365076536,363,16,"c(`237459` = ""Cdk17"", `56348` = ""Hsd17b12"", `72065` = ""Rap2c"", `27376` = ""Slc25a10"", `22349` = ""Vil1"", `237615` = ""Ankrd52"")"
"22","TIEN_INTESTINE_PROBIOTICS_24HR_UP",0.485576923076923,0.876644736842105,-0.357928940177485,-0.964633303728275,201,16,"c(`67880` = ""Dcxr"", `11931` = ""Atp1b1"", `74148` = ""Cluh"", `105675` = ""Ppif"", `12443` = ""Ccnd1"")"
"23","KINSEY_TARGETS_OF_EWSR1_FLII_FUSION_UP",0.906862745098039,1,-0.211912734844913,-0.68591034946524,369,32,"c(`14866` = ""Gstm5"", `14828` = ""Hspa5"", `108645` = ""Mat2b"", `320951` = ""Pisd"", `105675` = ""Ppif"", `50785` = ""Hs6st1"", `232087` = ""Mat2a"", `53624` = ""Cldn7"")"
"24","DODD_NASOPHARYNGEAL_CARCINOMA_UP",0.445,0.876644736842105,0.357344924219365,1.02477941190696,266,31,"c(`18671` = ""Abcb1a"", `229731` = ""Slc25a24"", `270685` = ""Mthfd1l"", `240753` = ""Plekha6"", `14544` = ""Gda"", `17698` = ""Msn"", `217692` = ""Sipa1l1"")"
"25","DODD_NASOPHARYNGEAL_CARCINOMA_DN",0.746967071057192,1,0.304878443105218,0.80669717602746,430,22,"c(`270685` = ""Mthfd1l"", `66356` = ""Knop1"", `18193` = ""Nsd1"", `238799` = ""Tnpo1"", `104662` = ""Tsr1"", `382038` = ""Urb2"", `23879` = ""Fxr2"", `16561` = ""Kif1b"", `21888` = ""Tle4"", `235469` = ""Zfp280d"", `17299` = ""Mettl1"")"
"26","RODRIGUES_THYROID_CARCINOMA_POORLY_DIFFERENTIATED_UP",0.779661016949153,1,0.288793156444308,0.781356502314339,459,24,"c(`270685` = ""Mthfd1l"", `17069` = ""Ly6e"", `217692` = ""Sipa1l1"", `226982` = ""Eif5b"", `66713` = ""Actr2"", `100088` = ""Rcc1"", `13211` = ""Dhx9"", `72584` = ""Cul4b"", `23879` = ""Fxr2"", `16561` = ""Kif1b"", `15463` = ""Agfg1"", `26417` = ""Mapk3"", `11933` = ""Atp1b3"", `11639` = ""Ak4"", `51797` = ""Ctps"", `16573` = ""Kif5b"")"
"27","RODRIGUES_THYROID_CARCINOMA_POORLY_DIFFERENTIATED_DN",0.640096618357488,0.976712561618222,-0.310856373722109,-0.886108531669301,264,20,"c(`67579` = ""Cpeb4"", `68631` = ""Cryl1"", `16206` = ""Lrig1"", `109552` = ""Sri"", `19046` = ""Ppp1cb"", `227753` = ""Gsn"")"
"28","RODRIGUES_THYROID_CARCINOMA_ANAPLASTIC_UP",0.616438356164384,0.976712561618222,0.333150880561876,0.916034243695565,359,27,"c(`56878` = ""Rbms1"", `270685` = ""Mthfd1l"", `226982` = ""Eif5b"", `66713` = ""Actr2"", `11487` = ""Adam10"", `100088` = ""Rcc1"", `13211` = ""Dhx9"", `210126` = ""Lpp"", `72584` = ""Cul4b"", `12614` = ""Celsr1"", `22038` = ""Plscr1"", `23879` = ""Fxr2"")"
"29","GOZGIT_ESR1_TARGETS_DN",0.723150357995227,0.997756798414621,-0.277691882677115,-0.835612897349093,302,23,"c(`67579` = ""Cpeb4"", `11931` = ""Atp1b1"")"
"30","ENK_UV_RESPONSE_EPIDERMIS_DN",0.40625,0.876644736842105,-0.379116982078553,-1.02173595334478,168,16,"c(`215384` = ""Fcgbp"", `67880` = ""Dcxr"")"
"31","ENK_UV_RESPONSE_KERATINOCYTE_UP",0.120772946859903,0.700518134715026,-0.459619574747499,-1.31016398869163,49,20,"c(`30853` = ""Mlf2"", `14964` = ""H2-D1"", `17939` = ""Naga"", `217212` = ""Pyy"")"
"32","ENK_UV_RESPONSE_KERATINOCYTE_DN",0.65,0.978282144716294,0.332443746546404,0.876377942290582,376,21,"c(`17210` = ""Mcl1"", `17698` = ""Msn"", `66713` = ""Actr2"", `140630` = ""Ube4a"", `13211` = ""Dhx9"", `12614` = ""Celsr1"", `22038` = ""Plscr1"", `20348` = ""Sema3c"", `11933` = ""Atp1b3"", `11938` = ""Atp2a2"", `211673` = ""Arfgef1"", `18708` = ""Pik3r1"")"
"33","GRAESSMANN_APOPTOSIS_BY_SERUM_DEPRIVATION_UP",0.014218009478673,0.452476572958501,-0.578584605334223,-1.69062324236197,5,21,"c(`14964` = ""H2-D1"", `20208` = ""Saa1"", `14828` = ""Hspa5"", `72027` = ""Slc39a4"", `16206` = ""Lrig1"", `320951` = ""Pisd"", `105675` = ""Ppif"")"
"34","GRAESSMANN_APOPTOSIS_BY_DOXORUBICIN_UP",0.0221674876847291,0.452476572958501,-0.486388632024851,-1.53042044668785,8,30,"c(`30853` = ""Mlf2"", `21354` = ""Tap1"", `67579` = ""Cpeb4"", `67880` = ""Dcxr"", `14828` = ""Hspa5"", `72027` = ""Slc39a4"")"
"35","GRAESSMANN_APOPTOSIS_BY_DOXORUBICIN_DN",0.636923076923077,0.976712561618222,0.276788293517302,0.912350069507621,413,62,"c(`56878` = ""Rbms1"", `229731` = ""Slc25a24"", `14284` = ""Fosl2"", `237459` = ""Cdk17"", `20874` = ""Slk"", `17698` = ""Msn"", `226982` = ""Eif5b"", `17428` = ""Mnt"", `16468` = ""Jarid2"", `27376` = ""Slc25a10"", `11487` = ""Adam10"", `228136` = ""Zdhhc5"", `108837` = ""Ibtk"", `237943` = ""Gpatch8"", `13211` = ""Dhx9"", `16337` = ""Insr"", `13209` = ""Ddx6"", `210126` = ""Lpp"", `72584` = ""Cul4b"", `108655` = ""Foxp1"", `22038` = ""Plscr1"", `67967` = ""Pold3"", `16561` = ""Kif1b"", `50918` = ""Myadm"", `21888` = ""Tle4"", `235469` = ""Zfp280d"", 
`328572` = ""Ep300"", `16646` = ""Kpna1"", `52206` = ""Anapc4"", `17299` = ""Mettl1"")"
"36","GRAESSMANN_RESPONSE_TO_MC_AND_DOXORUBICIN_UP",0.385922330097087,0.855602025093551,-0.375070720638346,-1.04520183352075,158,18,"c(`67880` = ""Dcxr"", `14828` = ""Hspa5"", `72027` = ""Slc39a4"", `105675` = ""Ppif"", `50785` = ""Hs6st1"", `227753` = ""Gsn"", `20768` = ""Sephs2"", `15481` = ""Hspa8"", `217325` = ""Llgl2"", `15926` = ""Idh1"")"
"37","GRAESSMANN_RESPONSE_TO_MC_AND_DOXORUBICIN_DN",0.484745762711864,0.876644736842105,0.363825883509384,0.984364461022597,285,24,"c(`14284` = ""Fosl2"", `237459` = ""Cdk17"", `17698` = ""Msn"", `27376` = ""Slc25a10"", `228136` = ""Zdhhc5"", `108837` = ""Ibtk"", `13211` = ""Dhx9"", `108655` = ""Foxp1"", `22038` = ""Plscr1"", `67967` = ""Pold3"", `235469` = ""Zfp280d"", `52206` = ""Anapc4"", `17299` = ""Mettl1"", `26417` = ""Mapk3"", `21454` = ""Tcp1"")"
"38","BERENJENO_TRANSFORMED_BY_RHOA_UP",0.356282271944923,0.855602025093551,0.452993937335088,1.09934092654927,206,15,"c(`12476` = ""Cd151"", `20874` = ""Slk"", `17698` = ""Msn"", `20352` = ""Sema4b"", `27376` = ""Slc25a10"", `100088` = ""Rcc1"")"
"39","BERENJENO_TRANSFORMED_BY_RHOA_DN",0.178484107579462,0.773431132844336,-0.442811021283056,-1.23707852175341,72,19,"c(`17939` = ""Naga"", `14866` = ""Gstm5"", `14828` = ""Hspa5"", `432516` = ""Myo1a"")"
"40","HAMAI_APOPTOSIS_VIA_TRAIL_UP",0.78657487091222,1,0.305576666886139,0.741583735276241,456,15,"c(`20874` = ""Slk"", `17698` = ""Msn"", `226982` = ""Eif5b"", `231452` = ""Sdad1"", `238799` = ""Tnpo1"", `72584` = ""Cul4b"", `23879` = ""Fxr2"")"
"41","LASTOWSKA_NEUROBLASTOMA_COPY_NUMBER_DN",0.28436018957346,0.855602025093551,-0.386430798139981,-1.12915014135668,119,21,"c(`67579` = ""Cpeb4"", `239170` = ""Fam160b2"", `14828` = ""Hspa5"", `19087` = ""Prkar2a"")"
"42","PEREZ_TP53_TARGETS",0.792941176470588,1,-0.260278998525554,-0.772314727637814,336,22,"c(`30853` = ""Mlf2"", `74147` = ""Ehhadh"", `28105` = ""Trim36"", `68938` = ""Aspscr1"", `50785` = ""Hs6st1"", `12725` = ""Clcn3"", `17156` = ""Man1a2"")"
"43","PEREZ_TP63_TARGETS",0.998305084745763,1,0.152732080047077,0.39230515775484,588,18,"c(`217692` = ""Sipa1l1"", `22349` = ""Vil1"", `238799` = ""Tnpo1"", `217695` = ""Zfyve1"", `16337` = ""Insr"", `108655` = ""Foxp1"", `21888` = ""Tle4"")"
"44","FARMER_BREAST_CANCER_APOCRINE_VS_LUMINAL",0.109215017064846,0.659190638712823,0.555373879955974,1.3841849797205,63,16,"c(`66166` = ""S100a14"", `11977` = ""Atp7a"")"
"45","SCHLOSSER_SERUM_RESPONSE_DN",0.939320388349515,1,-0.202787843845801,-0.612630724978708,386,24,"c(`14828` = ""Hspa5"", `19087` = ""Prkar2a"", `16206` = ""Lrig1"")"
"46","PATIL_LIVER_CANCER",0.954237288135593,1,0.216869792152717,0.557048250744093,562,18,"c(`50932` = ""Mink1"", `72065` = ""Rap2c"", `231876` = ""Lmtk2"", `238799` = ""Tnpo1"")"
"47","DACOSTA_UV_RESPONSE_VIA_ERCC3_UP",0.776722090261283,1,-0.292285601904695,-0.781092663282413,326,15,"c(`14964` = ""H2-D1"", `14828` = ""Hspa5"", `105675` = ""Ppif"", `19046` = ""Ppp1cb"", `232087` = ""Mat2a"")"
"48","DACOSTA_UV_RESPONSE_VIA_ERCC3_DN",0.175523349436393,0.773431132844336,0.415092653823063,1.2401143646696,108,36,"c(`56878` = ""Rbms1"", `229731` = ""Slc25a24"", `237459` = ""Cdk17"", `20874` = ""Slk"", `17698` = ""Msn"", `217692` = ""Sipa1l1"", `218210` = ""Nup153"", `17428` = ""Mnt"", `16468` = ""Jarid2"", `328365` = ""Zmiz1"", `11487` = ""Adam10"", `108837` = ""Ibtk"", `237943` = ""Gpatch8"", `16337` = ""Insr"", `22038` = ""Plscr1"", `23879` = ""Fxr2"", `21888` = ""Tle4"", `15463` = ""Agfg1"", `328572` = ""Ep300"")"
"49","DACOSTA_UV_RESPONSE_VIA_ERCC3_COMMON_DN",0.174137931034483,0.773431132844336,0.476975178892471,1.2573872426357,100,21,"c(`56878` = ""Rbms1"", `237459` = ""Cdk17"", `20874` = ""Slk"", `218210` = ""Nup153"", `16468` = ""Jarid2"", `328365` = ""Zmiz1"", `11487` = ""Adam10"", `108837` = ""Ibtk"")"
"50","MARTORIATI_MDM4_TARGETS_FETAL_LIVER_DN",0.880415944540728,1,0.263397691098413,0.696940627933842,507,22,"c(`226982` = ""Eif5b"", `66356` = ""Knop1"", `66713` = ""Actr2"", `11487` = ""Adam10"", `13211` = ""Dhx9"", `210126` = ""Lpp"", `108655` = ""Foxp1"", `11655` = ""Alas1"", `16561` = ""Kif1b"", `19156` = ""Psap"")"
"51","MOHANKUMAR_TLX1_TARGETS_UP",0.368932038834951,0.855602025093551,-0.38089986639463,-1.06144579365168,151,18,"c(`17939` = ""Naga"", `14866` = ""Gstm5"", `14828` = ""Hspa5"", `13627` = ""Eef1a1"", `19046` = ""Ppp1cb"", `232087` = ""Mat2a"", `53624` = ""Cldn7"", `14958` = ""H1f0"", `20768` = ""Sephs2"")"
"52","SPIELMAN_LYMPHOBLAST_EUROPEAN_VS_ASIAN_UP",0.0606796116504854,0.533720456397718,-0.53961226882539,-1.50372636874105,24,18,"c(`30853` = ""Mlf2"", `67880` = ""Dcxr"", `14828` = ""Hspa5"")"
"53","SPIELMAN_LYMPHOBLAST_EUROPEAN_VS_ASIAN_DN",0.941680960548885,1,0.234608192537356,0.625837961114161,548,23,"c(`56348` = ""Hsd17b12"", `17210` = ""Mcl1"", `20316` = ""Sdf2"", `11744` = ""Anxa11"", `66713` = ""Actr2"")"
"54","PUJANA_BRCA1_PCC_NETWORK",0.891167192429022,1,0.228790884428915,0.72204798703813,564,48,"c(`20361` = ""Sema7a"", `218210` = ""Nup153"", `226982` = ""Eif5b"", `108735` = ""Sft2d2"", `18193` = ""Nsd1"", `66713` = ""Actr2"", `16468` = ""Jarid2"", `27376` = ""Slc25a10"", `11487` = ""Adam10"", `100088` = ""Rcc1"", `13211` = ""Dhx9"", `104662` = ""Tsr1"", `16337` = ""Insr"", `72584` = ""Cul4b"", `382038` = ""Urb2"")"
"55","PUJANA_ATM_PCC_NETWORK",0.860892388451444,1,-0.230054226999225,-0.753572298506562,327,36,"c(`21354` = ""Tap1"", `14828` = ""Hspa5"", `105675` = ""Ppif"", `432516` = ""Myo1a"", `13627` = ""Eef1a1"", `19046` = ""Ppp1cb"", `232087` = ""Mat2a"", `170731` = ""Mfn2"", `17156` = ""Man1a2"", `15378` = ""Hnf4a"", `66809` = ""Krt20"")"
"56","PUJANA_CHEK2_PCC_NETWORK",0.985436893203884,1,-0.168277116561935,-0.508372346002434,405,24,"c(`14828` = ""Hspa5"", `105675` = ""Ppif"", `432516` = ""Myo1a"", `19046` = ""Ppp1cb"", `232087` = ""Mat2a"", `66809` = ""Krt20"", `20768` = ""Sephs2"", `15481` = ""Hspa8"", `67089` = ""Psmc6"", `235559` = ""Topbp1"")"
"57","NUYTTEN_NIPP1_TARGETS_UP",0.630331753554502,0.976712561618222,-0.302350594775663,-0.883467928730016,265,21,"c(`21354` = ""Tap1"", `14866` = ""Gstm5"", `14828` = ""Hspa5"", `108645` = ""Mat2b"")"
"58","NUYTTEN_NIPP1_TARGETS_DN",0.306506849315068,0.855602025093551,0.411972579944526,1.13276299932428,178,27,"c(`16534` = ""Kcnn4"", `50932` = ""Mink1"", `229731` = ""Slc25a24"", `16400` = ""Itga3"")"
"59","NUYTTEN_EZH2_TARGETS_UP",0.329015544041451,0.855602025093551,-0.329886779018029,-1.08317161228265,126,37,"c(`21354` = ""Tap1"", `14964` = ""H2-D1"", `67579` = ""Cpeb4"", `11931` = ""Atp1b1"", `20208` = ""Saa1"", `239170` = ""Fam160b2"", `14828` = ""Hspa5"")"
"60","NUYTTEN_EZH2_TARGETS_DN",0.85025817555938,1,0.282988051820633,0.686764924318934,493,15,"c(`50932` = ""Mink1"", `72065` = ""Rap2c"", `18193` = ""Nsd1"")"
"61","BUYTAERT_PHOTODYNAMIC_THERAPY_STRESS_UP",0.918505942275042,1,0.235140240311724,0.646256687119604,540,26,"c(`14284` = ""Fosl2"", `237459` = ""Cdk17"", `20874` = ""Slk"", `328365` = ""Zmiz1"", `108837` = ""Ibtk"", `237943` = ""Gpatch8"", `16337` = ""Insr"", `75410` = ""Kmt2b"", `23879` = ""Fxr2"", `21888` = ""Tle4"", `328572` = ""Ep300"", `16646` = ""Kpna1"")"
"62","LOPEZ_MBD_TARGETS",0.904040404040404,1,0.243584210547329,0.698148409350602,536,32,"c(`50932` = ""Mink1"", `12492` = ""Scarb2"", `237459` = ""Cdk17"", `16477` = ""Junb"", `17698` = ""Msn"")"
"63","WEI_MYCN_TARGETS_WITH_E_BOX",0.923469387755102,1,0.230000027689167,0.606391323106651,542,20,"c(`14284` = ""Fosl2"", `226982` = ""Eif5b"", `27376` = ""Slc25a10"", `100088` = ""Rcc1"", `13211` = ""Dhx9"", `382038` = ""Urb2"", `107351` = ""Kank1"")"
"64","LIAO_METASTASIS",0.298791018998273,0.855602025093551,0.459556581989032,1.15165888304538,172,17,"c(`50932` = ""Mink1"", `229731` = ""Slc25a24"", `270685` = ""Mthfd1l"", `18193` = ""Nsd1"", `237615` = ""Ankrd52"", `238799` = ""Tnpo1"", `382038` = ""Urb2"", `74522` = ""Morc2a"")"
"65","SCHAEFFER_PROSTATE_DEVELOPMENT_6HR_DN",0.993138936535163,1,0.178502871104826,0.476172088012144,578,23,"c(`110454` = ""Ly6a"", `217692` = ""Sipa1l1"", `17428` = ""Mnt"", `16468` = ""Jarid2"", `16337` = ""Insr"", `13209` = ""Ddx6"", `210126` = ""Lpp"")"
"66","SCHAEFFER_PROSTATE_DEVELOPMENT_48HR_UP",0.157627118644068,0.739971751412429,0.509392542228534,1.30841746918203,92,18,"c(`66166` = ""S100a14"", `16534` = ""Kcnn4"", `56348` = ""Hsd17b12"", `17069` = ""Ly6e"", `17698` = ""Msn"", `217692` = ""Sipa1l1"")"
"67","BENPORATH_NANOG_TARGETS",0.880668257756563,1,-0.229625734707616,-0.69097527675323,368,23,"c(`17939` = ""Naga"", `14828` = ""Hspa5"", `16206` = ""Lrig1"", `108645` = ""Mat2b"")"
"68","BENPORATH_SOX2_TARGETS",0.715254237288136,0.997756798414621,0.312976994793375,0.803907661561379,421,18,"c(`237459` = ""Cdk17"", `56348` = ""Hsd17b12"", `18193` = ""Nsd1"", `16468` = ""Jarid2"", `108655` = ""Foxp1"", `107351` = ""Kank1"", `21888` = ""Tle4"")"
"69","BENPORATH_SUZ12_TARGETS",0.429928741092637,0.876644736842105,-0.37491804199868,-1.00191637914776,180,15,"c(`217212` = ""Pyy"", `14866` = ""Gstm5"", `14828` = ""Hspa5"", `66811` = ""Duoxa2"", `28105` = ""Trim36"", `50785` = ""Hs6st1"", `12725` = ""Clcn3"")"
"70","BENPORATH_EED_TARGETS",0.0652173913043478,0.533720456397718,-0.509365764667373,-1.45196749356507,26,20,"c(`21354` = ""Tap1"", `14964` = ""H2-D1"", `217212` = ""Pyy"", `14828` = ""Hspa5"", `66811` = ""Duoxa2"", `28105` = ""Trim36"", `50785` = ""Hs6st1"", `12725` = ""Clcn3"", `227753` = ""Gsn"", `14958` = ""H1f0"")"
"71","BENPORATH_ES_WITH_H3K27ME3",0.0757946210268949,0.533720456397718,-0.510554945786949,-1.42633432153053,30,19,"c(`21354` = ""Tap1"", `14964` = ""H2-D1"", `217212` = ""Pyy"", `68631` = ""Cryl1"", `14828` = ""Hspa5"", `66811` = ""Duoxa2"", `28105` = ""Trim36"", `50785` = ""Hs6st1"", `12725` = ""Clcn3"", `227753` = ""Gsn"")"
"72","BENPORATH_MYC_MAX_TARGETS",0.22673031026253,0.855602025093551,-0.395100888101525,-1.18891267065086,94,23,"c(`14964` = ""H2-D1"", `17939` = ""Naga"", `14828` = ""Hspa5"", `108645` = ""Mat2b"", `105675` = ""Ppif"", `109552` = ""Sri"", `19046` = ""Ppp1cb"", `12725` = ""Clcn3"", `232087` = ""Mat2a"")"
"73","BENPORATH_CYCLING_GENES",0.963325183374083,1,-0.21,-0.586675753497458,393,19,"c(`14828` = ""Hspa5"", `12443` = ""Ccnd1"", `17156` = ""Man1a2"", `14958` = ""H1f0"", `20768` = ""Sephs2"", `15481` = ""Hspa8"", `235559` = ""Topbp1"", `99412` = ""Golga2"", `108155` = ""Ogt"", `16573` = ""Kif5b"", `192662` = ""Arhgdia"", `15463` = ""Agfg1"", `21888` = ""Tle4"", `67967` = ""Pold3"", `23879` = ""Fxr2"", `210126` = ""Lpp"", `16337` = ""Insr"", `238799` = ""Tnpo1"", `17428` = ""Mnt"")"
"74","GEORGES_TARGETS_OF_MIR192_AND_MIR215",0.965770171149144,1,-0.206482532222105,-0.57684902464508,394,19,"c(`14828` = ""Hspa5"", `16206` = ""Lrig1"", `13627` = ""Eef1a1"", `19046` = ""Ppp1cb"")"
"75","SHEN_SMARCA2_TARGETS_UP",0.881239242685026,1,0.270053608311771,0.655375181676719,511,15,"c(`20874` = ""Slk"", `17698` = ""Msn"", `238799` = ""Tnpo1"", `72584` = ""Cul4b"", `107351` = ""Kank1"")"
"76","BYSTRYKH_HEMATOPOIESIS_STEM_CELL_QTL_TRANS",0.937181663837012,1,0.230511548470294,0.627386267291173,551,25,"c(`110454` = ""Ly6a"", `12476` = ""Cd151"", `226982` = ""Eif5b"", `72065` = ""Rap2c"", `27376` = ""Slc25a10"", `11487` = ""Adam10"", `12006` = ""Axin2"", `228136` = ""Zdhhc5"", `13211` = ""Dhx9"")"
"77","FLECHNER_BIOPSY_KIDNEY_TRANSPLANT_REJECTED_VS_OK_DN",0.929310344827586,1,0.2384726447822,0.628654224655856,538,21,"c(`18671` = ""Abcb1a"", `17698` = ""Msn"", `14120` = ""Fbp2"")"
"78","PENG_RAPAMYCIN_RESPONSE_DN",0.0665083135391924,0.533720456397718,-0.557138128630819,-1.48887424448066,27,15,"c(`30853` = ""Mlf2"", `14828` = ""Hspa5"", `71853` = ""Pdia6"", `105675` = ""Ppif"")"
"79","PENG_GLUTAMINE_DEPRIVATION_DN",0.0429594272076372,0.533720456397718,-0.505818816157086,-1.52207807598815,17,23,"c(`30853` = ""Mlf2"", `21354` = ""Tap1"", `14828` = ""Hspa5"", `71853` = ""Pdia6"", `105675` = ""Ppif"", `22321` = ""Vars"", `12443` = ""Ccnd1"", `50785` = ""Hs6st1"")"
"80","FLECHNER_BIOPSY_KIDNEY_TRANSPLANT_OK_VS_DONOR_UP",0.980099502487562,1,-0.176057158336242,-0.549029136632157,393,29,"c(`14964` = ""H2-D1"", `14828` = ""Hspa5"")"
"81","MATSUDA_NATURAL_KILLER_DIFFERENTIATION",0.328743545611015,0.855602025093551,0.46790849064698,1.13553606627547,190,15,"c(`18671` = ""Abcb1a"", `16534` = ""Kcnn4"", `231452` = ""Sdad1"", `27376` = ""Slc25a10"", `238799` = ""Tnpo1"", `22038` = ""Plscr1"", `16561` = ""Kif1b"", `50918` = ""Myadm"", `21888` = ""Tle4"")"
"82","LEI_MYB_TARGETS",0.774744027303754,1,0.304402842131297,0.758677815196808,453,16,"c(`17210` = ""Mcl1"", `17069` = ""Ly6e"", `17698` = ""Msn"", `14120` = ""Fbp2"", `66713` = ""Actr2"", `231876` = ""Lmtk2"")"
"83","REN_ALVEOLAR_RHABDOMYOSARCOMA_DN",0.418212478920742,0.876644736842105,0.40139509014486,1.04539287304174,247,19,"c(`12476` = ""Cd151"", `17069` = ""Ly6e"", `17698` = ""Msn"", `66713` = ""Actr2"", `11487` = ""Adam10"", `22349` = ""Vil1"", `210126` = ""Lpp"", `72584` = ""Cul4b"")"
"84","DEBIASI_APOPTOSIS_BY_REOVIRUS_INFECTION_UP",0.492788461538462,0.876644736842105,-0.35583471318293,-0.958989275325562,204,16,"c(`21354` = ""Tap1"", `67579` = ""Cpeb4"", `14828` = ""Hspa5"")"
"85","IVANOVA_HEMATOPOIESIS_LATE_PROGENITOR",0.312286689419795,0.855602025093551,0.455702717073775,1.13576975611699,182,16,"c(`18671` = ""Abcb1a"", `270685` = ""Mthfd1l"", `14544` = ""Gda"", `217692` = ""Sipa1l1"", `18193` = ""Nsd1"", `100088` = ""Rcc1"")"
"86","BLALOCK_ALZHEIMERS_DISEASE_DN",0.0315789473684211,0.533684210526316,-0.445591320361467,-1.48337999952594,11,40,"c(`30853` = ""Mlf2"", `14964` = ""H2-D1"", `11931` = ""Atp1b1"", `217212` = ""Pyy"", `14866` = ""Gstm5"", `14828` = ""Hspa5"", `19087` = ""Prkar2a"", `71853` = ""Pdia6"", `28064` = ""Yipf3"", `105675` = ""Ppif"", `28105` = ""Trim36"")"
"87","WANG_SMARCE1_TARGETS_DN",0.0488997555012225,0.533720456397718,-0.537959504720122,-1.50289427515618,19,19,"c(`21354` = ""Tap1"", `14964` = ""H2-D1"", `17939` = ""Naga"", `14828` = ""Hspa5"")"
"88","CUI_TCF21_TARGETS_2_DN",0.46,0.876644736842105,0.354665096224594,1.00336456054749,275,29,"c(`18671` = ""Abcb1a"", `56878` = ""Rbms1"", `11977` = ""Atp7a"", `20874` = ""Slk"", `17210` = ""Mcl1"", `16468` = ""Jarid2"", `22349` = ""Vil1"", `210126` = ""Lpp"", `108655` = ""Foxp1"", `107351` = ""Kank1"", `22038` = ""Plscr1"", `16561` = ""Kif1b"", `50918` = ""Myadm"", `21888` = ""Tle4"", `13641` = ""Efnb1"", `15463` = ""Agfg1"", `328572` = ""Ep300"")"
"89","BLALOCK_ALZHEIMERS_DISEASE_UP",0.62532981530343,0.976712561618222,-0.270667433770185,-0.919459999127454,236,45,"c(`21354` = ""Tap1"", `14964` = ""H2-D1"", `17939` = ""Naga"", `14866` = ""Gstm5"", `93694` = ""Clec2d"", `19087` = ""Prkar2a"")"
"90","BROWNE_HCMV_INFECTION_48HR_DN",0.256323777403035,0.855602025093551,0.458836817413678,1.19499403602646,151,19,"c(`56878` = ""Rbms1"", `12476` = ""Cd151"", `50849` = ""Rnf10"", `16400` = ""Itga3"", `17069` = ""Ly6e"", `226982` = ""Eif5b"", `72065` = ""Rap2c"")"
"91","JIANG_HYPOXIA_NORMAL",0.800344234079174,1,0.300296775200187,0.728770316508958,464,15,"c(`14284` = ""Fosl2"", `17210` = ""Mcl1"", `11487` = ""Adam10"", `237943` = ""Gpatch8"")"
"92","BAELDE_DIABETIC_NEPHROPATHY_DN",0.229845626072041,0.855602025093551,0.446429951644732,1.19089110953849,133,23,"c(`56878` = ""Rbms1"", `14284` = ""Fosl2"", `11977` = ""Atp7a"", `16400` = ""Itga3"", `20874` = ""Slk"", `17210` = ""Mcl1"", `17698` = ""Msn"")"
"93","DOUGLAS_BMI1_TARGETS_UP",0.654117647058824,0.978282144716294,-0.294977701164648,-0.87527470224163,277,22,"c(`67880` = ""Dcxr"", `11931` = ""Atp1b1"", `19087` = ""Prkar2a"", `105675` = ""Ppif"")"
"94","KRIGE_RESPONSE_TO_TOSEDOSTAT_6HR_UP",0.4825,0.876644736842105,-0.304490366733103,-0.989733946233567,192,34,"c(`21354` = ""Tap1"", `14964` = ""H2-D1"", `67579` = ""Cpeb4"", `14866` = ""Gstm5"")"
"95","KRIGE_RESPONSE_TO_TOSEDOSTAT_6HR_DN",0.133495145631068,0.701192857672075,-0.426171693904782,-1.28748286312871,54,24,"c(`67880` = ""Dcxr"", `17939` = ""Naga"", `72027` = ""Slc39a4"", `19087` = ""Prkar2a"", `74148` = ""Cluh"", `320951` = ""Pisd"", `108841` = ""Rdh13"", `13627` = ""Eef1a1"", `22321` = ""Vars"", `12443` = ""Ccnd1"")"
"96","KRIGE_RESPONSE_TO_TOSEDOSTAT_24HR_UP",0.440298507462687,0.876644736842105,-0.3176096294327,-1.00968858541727,176,31,"c(`21354` = ""Tap1"", `14964` = ""H2-D1"", `67579` = ""Cpeb4"", `14866` = ""Gstm5"")"
"97","KRIGE_RESPONSE_TO_TOSEDOSTAT_24HR_DN",0.145631067961165,0.723872073101085,-0.420939550538742,-1.27167633487366,59,24,"c(`67880` = ""Dcxr"", `17939` = ""Naga"", `72027` = ""Slc39a4"", `19087` = ""Prkar2a"", `74148` = ""Cluh"", `320951` = ""Pisd"", `108841` = ""Rdh13"", `22321` = ""Vars"", `12443` = ""Ccnd1"")"
"98","MONNIER_POSTRADIATION_TUMOR_ESCAPE_UP",0.900497512437811,1,-0.220514942196878,-0.687669444815295,361,29,"c(`11931` = ""Atp1b1"", `14828` = ""Hspa5"", `19087` = ""Prkar2a"", `16206` = ""Lrig1"", `105675` = ""Ppif"")"
"99","CREIGHTON_ENDOCRINE_THERAPY_RESISTANCE_3",0.0821256038647343,0.555169082125604,-0.498559102188722,-1.42116266975997,33,20,"c(`215384` = ""Fcgbp"", `67579` = ""Cpeb4"", `11931` = ""Atp1b1"", `16206` = ""Lrig1"", `71853` = ""Pdia6"")"
"100","CREIGHTON_ENDOCRINE_THERAPY_RESISTANCE_4",0.919104991394148,1,0.248488417733368,0.603040051694314,533,15,"c(`229731` = ""Slc25a24"", `72065` = ""Rap2c"", `16468` = ""Jarid2"", `16337` = ""Insr"", `12614` = ""Celsr1"")"
"101","CREIGHTON_ENDOCRINE_THERAPY_RESISTANCE_5",0.458937198067633,0.876644736842105,-0.347472031277754,-0.990482928643203,189,20,"c(`67579` = ""Cpeb4"", `239170` = ""Fam160b2"", `14828` = ""Hspa5"", `432516` = ""Myo1a"", `19046` = ""Ppp1cb"", `227753` = ""Gsn"", `50528` = ""Tmprss2"", `11843` = ""Arf4"", `20496` = ""Slc12a2"", `15481` = ""Hspa8"")"
"102","ZHENG_BOUND_BY_FOXP3",0.744386873920553,1,0.313708068484177,0.786159306410356,430,17,"c(`50932` = ""Mink1"", `237459` = ""Cdk17"", `218210` = ""Nup153"", `18193` = ""Nsd1"", `16468` = ""Jarid2"", `108837` = ""Ibtk"")"
"103","MARSON_BOUND_BY_FOXP3_STIMULATED",0.00338409475465313,0.28839590443686,0.62274374692536,1.73431678691137,1,28,"c(`16534` = ""Kcnn4"", `50932` = ""Mink1"", `229731` = ""Slc25a24"", `12492` = ""Scarb2"", `237459` = ""Cdk17"", `16477` = ""Junb"", `17210` = ""Mcl1"", `217692` = ""Sipa1l1"", `218210` = ""Nup153"", `20316` = ""Sdf2"")"
"104","MARSON_BOUND_BY_FOXP3_UNSTIMULATED",0.0166112956810631,0.452476572958501,0.540119601104056,1.57635593954329,9,34,"c(`16534` = ""Kcnn4"", `50932` = ""Mink1"", `229731` = ""Slc25a24"", `14284` = ""Fosl2"", `237459` = ""Cdk17"", `16477` = ""Junb"", `17698` = ""Msn"", `218210` = ""Nup153"", `108735` = ""Sft2d2"", `66713` = ""Actr2"", `17428` = ""Mnt"", `16468` = ""Jarid2"")"
"105","HELLER_HDAC_TARGETS_SILENCED_BY_METHYLATION_UP",0.361702127659574,0.855602025093551,-0.388430759915402,-1.07453290786617,152,17,"c(`11931` = ""Atp1b1"", `217212` = ""Pyy"", `74147` = ""Ehhadh"", `14828` = ""Hspa5"", `19087` = ""Prkar2a"")"
"106","MARTINEZ_RB1_TARGETS_UP",0.981132075471698,1,0.208624964838673,0.556525418912468,571,23,"c(`56878` = ""Rbms1"", `16477` = ""Junb"", `14120` = ""Fbp2"", `27376` = ""Slc25a10"", `228136` = ""Zdhhc5"", `110208` = ""Pgd"", `108655` = ""Foxp1"", `11655` = ""Alas1"", `13641` = ""Efnb1"", `19156` = ""Psap"")"
"107","MARTINEZ_RB1_TARGETS_DN",0.337954939341421,0.855602025093551,0.416327053503957,1.10158611066368,194,22,"c(`66166` = ""S100a14"", `17210` = ""Mcl1"", `14120` = ""Fbp2"")"
"108","MARTINEZ_TP53_TARGETS_UP",0.872013651877133,1,0.265831470597497,0.662544534444503,510,16,"c(`56878` = ""Rbms1"", `14120` = ""Fbp2"", `27376` = ""Slc25a10"")"
"109","MARTINEZ_TP53_TARGETS_DN",0.538071065989848,0.937464022188497,0.3431546171235,0.955672081689745,317,28,"c(`66166` = ""S100a14"", `16477` = ""Junb"", `17210` = ""Mcl1"", `14120` = ""Fbp2"", `27376` = ""Slc25a10"", `228136` = ""Zdhhc5"", `110208` = ""Pgd"", `12614` = ""Celsr1"", `108655` = ""Foxp1"", `16561` = ""Kif1b"", `21888` = ""Tle4"", `13641` = ""Efnb1"", `235469` = ""Zfp280d"")"
"110","MARTINEZ_RB1_AND_TP53_TARGETS_UP",0.910189982728843,1,0.25285091646605,0.63364994746445,526,17,"c(`56878` = ""Rbms1"", `14120` = ""Fbp2"", `27376` = ""Slc25a10"", `228136` = ""Zdhhc5"")"
"111","MARTINEZ_RB1_AND_TP53_TARGETS_DN",0.473684210526316,0.876644736842105,0.362936969281834,0.997491722770909,278,26,"c(`66166` = ""S100a14"", `16477` = ""Junb"", `17210` = ""Mcl1"")"
"112","MASSARWEH_TAMOXIFEN_RESISTANCE_UP",0.0357142857142857,0.533720456397718,0.597368921558764,1.57495342225071,20,20,"c(`66166` = ""S100a14"", `16534` = ""Kcnn4"", `56878` = ""Rbms1"", `50849` = ""Rnf10"", `17698` = ""Msn"", `72477` = ""Tmem87b"")"
"113","ACEVEDO_LIVER_CANCER_UP",0.322352941176471,0.855602025093551,-0.372644935349521,-1.1057333606646,136,22,"c(`21354` = ""Tap1"", `14964` = ""H2-D1"", `239170` = ""Fam160b2"", `14828` = ""Hspa5"", `71853` = ""Pdia6"")"
"114","ACEVEDO_LIVER_CANCER_DN",0.136919315403423,0.701192857672075,-0.463028911349572,-1.29356112122437,55,19,"c(`67579` = ""Cpeb4"", `20208` = ""Saa1"", `14828` = ""Hspa5"", `12738` = ""Cldn2"", `74148` = ""Cluh"", `22321` = ""Vars"", `12443` = ""Ccnd1"", `232087` = ""Mat2a"", `170731` = ""Mfn2"")"
"115","ACEVEDO_LIVER_TUMOR_VS_NORMAL_ADJACENT_TISSUE_UP",0.0194174757281553,0.452476572958501,-0.610900127567193,-1.70238277289302,7,18,"c(`21354` = ""Tap1"", `14964` = ""H2-D1"", `11931` = ""Atp1b1"", `17939` = ""Naga"", `14828` = ""Hspa5"", `16206` = ""Lrig1"", `71853` = ""Pdia6"")"
"116","ACEVEDO_METHYLATED_IN_LIVER_CANCER_DN",0.71638141809291,0.997756798414621,-0.299874130472267,-0.837756578329582,292,19,"c(`217212` = ""Pyy"", `109552` = ""Sri"", `108841` = ""Rdh13"", `50785` = ""Hs6st1"", `53624` = ""Cldn7"", `227753` = ""Gsn"")"
"117","MITSIADES_RESPONSE_TO_APLIDIN_UP",0.673575129533679,0.989862581662536,0.337340146378214,0.845381812404487,389,17,"c(`56878` = ""Rbms1"", `17210` = ""Mcl1"", `17698` = ""Msn"", `20316` = ""Sdf2"", `14120` = ""Fbp2"", `16468` = ""Jarid2"")"
"118","SMID_BREAST_CANCER_BASAL_DN",0.510739856801909,0.899114956245028,-0.320345482961621,-0.963963420859168,213,23,"c(`67880` = ""Dcxr"", `14866` = ""Gstm5"", `14828` = ""Hspa5"", `16206` = ""Lrig1"", `109552` = ""Sri"", `28105` = ""Trim36"", `13627` = ""Eef1a1"", `12443` = ""Ccnd1"")"
"119","BONOME_OVARIAN_CANCER_SURVIVAL_SUBOPTIMAL_DEBULKING",0.709897610921502,0.997756798414621,0.325354022817851,0.810895448507251,415,16,"c(`237459` = ""Cdk17"", `217692` = ""Sipa1l1"", `27376` = ""Slc25a10"", `100088` = ""Rcc1"", `108837` = ""Ibtk"", `13211` = ""Dhx9"", `238799` = ""Tnpo1"", `75410` = ""Kmt2b"", `21888` = ""Tle4"", `328572` = ""Ep300"", `20348` = ""Sema3c"")"
"120","BOCHKIS_FOXA2_TARGETS",0.0917874396135266,0.596618357487923,-0.489887532315219,-1.39644401285783,37,20,"c(`14866` = ""Gstm5"", `20208` = ""Saa1"", `68631` = ""Cryl1"", `239170` = ""Fam160b2"", `14828` = ""Hspa5"", `93694` = ""Clec2d"", `19087` = ""Prkar2a"")"
"121","GRADE_COLON_CANCER_UP",0.641509433962264,0.976712561618222,0.333966378283289,0.890884649018446,373,23,"c(`16534` = ""Kcnn4"", `237459` = ""Cdk17"", `56348` = ""Hsd17b12"", `57330` = ""Gigyf1"", `27376` = ""Slc25a10"", `12006` = ""Axin2"", `100088` = ""Rcc1"", `22349` = ""Vil1"", `13211` = ""Dhx9"", `110208` = ""Pgd"")"
"122","WEST_ADRENOCORTICAL_TUMOR_DN",0.591525423728814,0.976712561618222,0.353953029768751,0.909158044193685,348,18,"c(`18671` = ""Abcb1a"", `16477` = ""Junb"", `17069` = ""Ly6e"", `18951` = ""Sept5"")"
"123","WANG_TUMOR_INVASIVENESS_UP",0.0725388601036269,0.533720456397718,0.5798438939247,1.45310152740657,41,17,"c(`66166` = ""S100a14"", `50849` = ""Rnf10"", `20874` = ""Slk"", `17698` = ""Msn"", `226982` = ""Eif5b"")"
"124","YOSHIMURA_MAPK8_TARGETS_UP",0.045,0.533720456397718,-0.447413615790047,-1.4543003389748,17,34,"c(`21354` = ""Tap1"", `14964` = ""H2-D1"", `217212` = ""Pyy"", `74147` = ""Ehhadh"", `14828` = ""Hspa5"", `71664` = ""Mettl7b"", `320951` = ""Pisd"", `105675` = ""Ppif"", `432516` = ""Myo1a"", `13627` = ""Eef1a1"", `12443` = ""Ccnd1"", `19046` = ""Ppp1cb"", `232087` = ""Mat2a"", `53624` = ""Cldn7"")"
"125","YOSHIMURA_MAPK8_TARGETS_DN",0.466437177280551,0.876644736842105,0.413482922945763,1.00345426761694,270,15,"c(`11977` = ""Atp7a"", `20874` = ""Slk"", `217692` = ""Sipa1l1"")"
"126","SWEET_LUNG_CANCER_KRAS_UP",0.198581560283688,0.839007092198581,-0.456343214762372,-1.2624020858966,83,17,"c(`11931` = ""Atp1b1"", `14828` = ""Hspa5"", `12443` = ""Ccnd1"", `12725` = ""Clcn3"", `53624` = ""Cldn7"", `17156` = ""Man1a2"", `227753` = ""Gsn"", `20496` = ""Slc12a2"", `15481` = ""Hspa8"", `77683` = ""Ehmt1"")"
"127","SWEET_LUNG_CANCER_KRAS_DN",0.0240963855421687,0.452476572958501,0.656242279694538,1.59259084137927,13,15,"c(`66166` = ""S100a14"", `20361` = ""Sema7a"", `18951` = ""Sept5"")"
"128","HAN_SATB1_TARGETS_DN",0.00710900473933649,0.400473933649289,-0.629891823917142,-1.84054284865208,2,21,"c(`21354` = ""Tap1"", `17939` = ""Naga"", `14866` = ""Gstm5"", `14828` = ""Hspa5"", `432516` = ""Myo1a"", `13627` = ""Eef1a1"", `232087` = ""Mat2a"", `53624` = ""Cldn7"", `170731` = ""Mfn2"", `56392` = ""Shoc2"")"
"129","CHEN_METABOLIC_SYNDROM_NETWORK",0.450847457627119,0.876644736842105,0.375417485694052,1.01572660911068,265,24,"c(`18671` = ""Abcb1a"", `16534` = ""Kcnn4"", `229731` = ""Slc25a24"", `20874` = ""Slk"", `17210` = ""Mcl1"")"
"130","HSIAO_HOUSEKEEPING_GENES",0.283653846153846,0.855602025093551,-0.429549890686387,-1.15765472879467,117,16,"c(`30853` = ""Mlf2"", `14964` = ""H2-D1"")"
"131","MEISSNER_BRAIN_HCP_WITH_H3K4ME3_AND_H3K27ME3",0.26303317535545,0.855602025093551,-0.390572161632096,-1.14125119850595,110,21,"c(`21354` = ""Tap1"", `67880` = ""Dcxr"", `11931` = ""Atp1b1"", `14828` = ""Hspa5"")"
"132","MILI_PSEUDOPODIA_CHEMOTAXIS_DN",0.154761904761905,0.739971751412429,0.490540491937432,1.29330200927335,90,20,"c(`16534` = ""Kcnn4"", `50932` = ""Mink1"", `50849` = ""Rnf10"", `16400` = ""Itga3"", `56348` = ""Hsd17b12"", `17069` = ""Ly6e"")"
"133","MILI_PSEUDOPODIA_HAPTOTAXIS_UP",0.970689655172414,1,0.209186960506372,0.551452207800834,562,21,"c(`226982` = ""Eif5b"", `72065` = ""Rap2c"", `66713` = ""Actr2"", `104662` = ""Tsr1"", `72584` = ""Cul4b"", `23879` = ""Fxr2"", `16561` = ""Kif1b"", `15463` = ""Agfg1"", `52206` = ""Anapc4"")"
"134","MILI_PSEUDOPODIA_HAPTOTAXIS_DN",0.412751677852349,0.876644736842105,0.369550334086867,1.05189126143444,245,30,"c(`16534` = ""Kcnn4"", `12476` = ""Cd151"", `50849` = ""Rnf10"", `16400` = ""Itga3"", `56348` = ""Hsd17b12"", `17069` = ""Ly6e"")"
"135","ROME_INSULIN_TARGETS_IN_MUSCLE_UP",0.917098445595855,1,0.246490839028212,0.617711453783343,530,17,"c(`50849` = ""Rnf10"", `12492` = ""Scarb2"", `14120` = ""Fbp2"")"
"136","STEIN_ESRRA_TARGETS",0.0953545232273839,0.596848682423255,-0.48823157300365,-1.36396964749126,38,19,"c(`14964` = ""H2-D1"", `11931` = ""Atp1b1"", `14866` = ""Gstm5"", `74147` = ""Ehhadh"", `19087` = ""Prkar2a"", `74148` = ""Cluh"", `105675` = ""Ppif"", `68938` = ""Aspscr1"", `53624` = ""Cldn7"", `170731` = ""Mfn2"")"
"137","CAIRO_HEPATOBLASTOMA_CLASSES_UP",0.991364421416235,1,0.188259529219403,0.471782513058733,573,17,"c(`218210` = ""Nup153"", `226982` = ""Eif5b"", `18193` = ""Nsd1"", `27376` = ""Slc25a10"", `100088` = ""Rcc1"", `104662` = ""Tsr1"", `23879` = ""Fxr2"", `15463` = ""Agfg1"")"
"138","DANG_BOUND_BY_MYC",0.8575,1,-0.232095580659432,-0.754417545008189,342,34,"c(`14964` = ""H2-D1"", `17939` = ""Naga"", `14828` = ""Hspa5"", `108645` = ""Mat2b"", `105675` = ""Ppif"", `109552` = ""Sri"", `19046` = ""Ppp1cb"", `12725` = ""Clcn3"", `232087` = ""Mat2a"")"
"139","WONG_ADULT_TISSUE_STEM_MODULE",1,1,0.15031842234551,0.386105475506766,589,18,"c(`16477` = ""Junb"", `17698` = ""Msn"", `210126` = ""Lpp"", `12614` = ""Celsr1"", `108655` = ""Foxp1"", `50918` = ""Myadm"", `21888` = ""Tle4"")"
"140","MARTENS_TRETINOIN_RESPONSE_UP",0.208474576271186,0.855602025093551,0.482404698057307,1.23909692786686,122,18,"c(`66166` = ""S100a14"", `110454` = ""Ly6a"", `18951` = ""Sept5"", `14120` = ""Fbp2"")"
"141","MARTENS_TRETINOIN_RESPONSE_DN",0.327790973871734,0.855602025093551,-0.417116541432842,-1.11468600616586,137,15,"c(`67880` = ""Dcxr"", `17939` = ""Naga"", `14828` = ""Hspa5"", `105675` = ""Ppif"", `432516` = ""Myo1a"", `13627` = ""Eef1a1"", `232087` = ""Mat2a"")"
"142","KIM_ALL_DISORDERS_OLIGODENDROCYTE_NUMBER_CORR_UP",0.246445497630332,0.855602025093551,-0.395879272604915,-1.15675856783055,103,21,"c(`67880` = ""Dcxr"", `217212` = ""Pyy"", `320951` = ""Pisd"", `105675` = ""Ppif"", `19046` = ""Ppp1cb"", `56392` = ""Shoc2"", `12858` = ""Cox5a"", `11843` = ""Arf4"")"
"143","KIM_BIPOLAR_DISORDER_OLIGODENDROCYTE_DENSITY_CORR_UP",0.0484261501210654,0.533720456397718,-0.489613372987159,-1.4942600404441,19,25,"c(`30853` = ""Mlf2"", `67880` = ""Dcxr"", `217212` = ""Pyy"", `14828` = ""Hspa5"", `320951` = ""Pisd"", `109552` = ""Sri"", `13627` = ""Eef1a1"")"
"144","KIM_ALL_DISORDERS_CALB1_CORR_UP",0.301932367149758,0.855602025093551,-0.394278507297486,-1.12390666141677,124,20,"c(`11931` = ""Atp1b1"", `217212` = ""Pyy"", `19087` = ""Prkar2a"", `320951` = ""Pisd"")"
"145","CHICAS_RB1_TARGETS_SENESCENT",0.472684085510689,0.876644736842105,-0.359854113508399,-0.96166012311841,198,15,"c(`14964` = ""H2-D1"", `11931` = ""Atp1b1"", `16206` = ""Lrig1"")"
"146","DUTERTRE_ESTRADIOL_RESPONSE_24HR_DN",0.237201365187713,0.855602025093551,0.491079543414308,1.22394111854157,138,16,"c(`20361` = ""Sema7a"", `56878` = ""Rbms1"", `50932` = ""Mink1"", `16477` = ""Junb"", `17210` = ""Mcl1"")"
"147","PILON_KLF1_TARGETS_UP",0.371764705882353,0.855602025093551,-0.357676772191569,-1.06131897103632,157,22,"c(`14964` = ""H2-D1"", `67579` = ""Cpeb4"", `14828` = ""Hspa5"", `19087` = ""Prkar2a"")"
"148","PILON_KLF1_TARGETS_DN",0.237885462555066,0.855602025093551,0.338521278907599,1.14013867591346,161,70,"c(`16534` = ""Kcnn4"", `56878` = ""Rbms1"", `229731` = ""Slc25a24"", `12492` = ""Scarb2"", `237459` = ""Cdk17"", `17210` = ""Mcl1"", `17069` = ""Ly6e"", `14544` = ""Gda"", `17698` = ""Msn"", `217692` = ""Sipa1l1"", `231452` = ""Sdad1"", `72065` = ""Rap2c"", `11744` = ""Anxa11"", `66713` = ""Actr2"", `16468` = ""Jarid2"", `231876` = ""Lmtk2"", `328365` = ""Zmiz1"", `11487` = ""Adam10"", `22349` = ""Vil1"", `108837` = ""Ibtk"", `237943` = ""Gpatch8"", `238799` = ""Tnpo1"", `110208` = ""Pgd"", `16337` = ""Insr"", `13209` = ""Ddx6"")"
"149","JOHNSTONE_PARVB_TARGETS_3_UP",0.732081911262799,0.997756798414621,0.31905269493124,0.795190346543087,428,16,"c(`50932` = ""Mink1"", `16400` = ""Itga3"", `20352` = ""Sema4b"", `72477` = ""Tmem87b"", `231876` = ""Lmtk2"", `22349` = ""Vil1"")"
"150","JOHNSTONE_PARVB_TARGETS_3_DN",0.288624787775891,0.855602025093551,0.419411250584698,1.15270497718396,169,26,"c(`56878` = ""Rbms1"", `229731` = ""Slc25a24"", `14284` = ""Fosl2"", `20874` = ""Slk"", `17210` = ""Mcl1"", `226982` = ""Eif5b"", `70144` = ""Lrch3"", `72065` = ""Rap2c"")"
"151","BRUINS_UVC_RESPONSE_VIA_TP53_GROUP_A",0.48885077186964,0.876644736842105,0.36970865379988,0.986230308489914,284,23,"c(`66166` = ""S100a14"", `229731` = ""Slc25a24"", `16400` = ""Itga3"")"
"152","BRUINS_UVC_RESPONSE_LATE",0.0587248322147651,0.533720456397718,0.501461669430274,1.42736482520414,34,30,"c(`20361` = ""Sema7a"", `18671` = ""Abcb1a"", `56878` = ""Rbms1"", `12492` = ""Scarb2"", `237459` = ""Cdk17"", `20874` = ""Slk"", `17210` = ""Mcl1"", `79566` = ""Sh3bp5l"")"
"153","PASINI_SUZ12_TARGETS_DN",0.0573355817875211,0.533720456397718,0.574417649305716,1.49601261070949,33,19,"c(`56878` = ""Rbms1"", `229731` = ""Slc25a24"", `12476` = ""Cd151"", `14284` = ""Fosl2"", `16400` = ""Itga3"", `17698` = ""Msn"")"
"154","LEE_BMP2_TARGETS_UP",0.385922330097087,0.855602025093551,-0.344562267765622,-1.04093730619313,158,24,"c(`67880` = ""Dcxr"", `11931` = ""Atp1b1"", `17939` = ""Naga"", `68631` = ""Cryl1"", `72027` = ""Slc39a4"", `16206` = ""Lrig1"")"
"155","LEE_BMP2_TARGETS_DN",0.946273830155979,1,0.229520944048,0.607303998002833,545,22,"c(`270685` = ""Mthfd1l"", `218210` = ""Nup153"", `66356` = ""Knop1"", `231452` = ""Sdad1"", `16468` = ""Jarid2"", `328365` = ""Zmiz1"", `100088` = ""Rcc1"", `104662` = ""Tsr1"", `110208` = ""Pgd"", `382038` = ""Urb2"", `15463` = ""Agfg1"", `76574` = ""Mfsd2a"", `16646` = ""Kpna1"")"
"156","FEVR_CTNNB1_TARGETS_UP",0.33616298811545,0.855602025093551,0.403188389874659,1.09736306322717,197,25,"c(`20361` = ""Sema7a"", `18671` = ""Abcb1a"", `14284` = ""Fosl2"", `16400` = ""Itga3"", `16477` = ""Junb"", `17210` = ""Mcl1"", `17069` = ""Ly6e"")"
"157","FEVR_CTNNB1_TARGETS_DN",0.929188255613126,1,0.241169970713324,0.604377240977963,537,17,"c(`16534` = ""Kcnn4"", `14120` = ""Fbp2"", `12006` = ""Axin2"")"
"158","KOINUMA_TARGETS_OF_SMAD2_OR_SMAD3",0.352739726027397,0.855602025093551,0.393533265128253,1.08206211636848,205,27,"c(`229731` = ""Slc25a24"", `14284` = ""Fosl2"", `16400` = ""Itga3"", `16477` = ""Junb"", `17210` = ""Mcl1"", `72477` = ""Tmem87b"", `72065` = ""Rap2c"", `17428` = ""Mnt"")"
"159","GOBERT_OLIGODENDROCYTE_DIFFERENTIATION_DN",0.726666666666667,0.997756798414621,0.290510529632119,0.833114421198348,435,31,"c(`56878` = ""Rbms1"", `229731` = ""Slc25a24"", `16400` = ""Itga3"", `12492` = ""Scarb2"", `17698` = ""Msn"", `18951` = ""Sept5"", `72065` = ""Rap2c"", `18193` = ""Nsd1"", `27376` = ""Slc25a10"")"
"160","WAKABAYASHI_ADIPOGENESIS_PPARG_RXRA_BOUND_8D",0.632825719120135,0.976712561618222,0.322564191871506,0.898328559028156,373,28,"c(`56878` = ""Rbms1"", `50932` = ""Mink1"", `12476` = ""Cd151"", `12492` = ""Scarb2"", `56348` = ""Hsd17b12"", `217692` = ""Sipa1l1"")"
"161","WAKABAYASHI_ADIPOGENESIS_PPARG_BOUND_8D",0.696172248803828,0.997756798414621,-0.274217290636356,-0.849336205138489,290,27,"c(`14866` = ""Gstm5"", `14828` = ""Hspa5"", `19087` = ""Prkar2a"", `71853` = ""Pdia6"", `28064` = ""Yipf3"")"
"162","KRIEG_HYPOXIA_NOT_VIA_KDM3A",0.927586206896552,1,0.238550734614119,0.628860082660171,537,21,"c(`270685` = ""Mthfd1l"", `16400` = ""Itga3"", `72065` = ""Rap2c"", `328365` = ""Zmiz1"", `11487` = ""Adam10"", `22349` = ""Vil1"", `104662` = ""Tsr1"", `72584` = ""Cul4b"")"
"163","ALFANO_MYC_TARGETS",0.578313253012048,0.976712561618222,0.382555387366049,0.928398283821427,335,15,"c(`16534` = ""Kcnn4"", `16400` = ""Itga3"", `17210` = ""Mcl1"", `17069` = ""Ly6e"")"
"164","FORTSCHEGGER_PHF8_TARGETS_DN",0.854415274463007,1,-0.24375865850473,-0.733503179579443,357,23,"c(`67579` = ""Cpeb4"", `14866` = ""Gstm5"", `14828` = ""Hspa5"", `668158` = ""Ccdc85c"")"
"165","RATTENBACHER_BOUND_BY_CELF1",0.0138169257340242,0.452476572958501,0.658920223478577,1.6512685452201,7,17,"c(`14284` = ""Fosl2"", `16400` = ""Itga3"", `16477` = ""Junb"", `17210` = ""Mcl1"", `108735` = ""Sft2d2"", `14120` = ""Fbp2"", `72065` = ""Rap2c"", `18193` = ""Nsd1"", `229707` = ""Strip1"", `22349` = ""Vil1"", `110208` = ""Pgd"", `210126` = ""Lpp"", `72584` = ""Cul4b"")"
"166","RAO_BOUND_BY_SALL4_ISOFORM_B",0.721153846153846,0.997756798414621,-0.297477574190092,-0.801714371108884,299,16,"c(`67579` = ""Cpeb4"", `93694` = ""Clec2d"", `108645` = ""Mat2b"", `105675` = ""Ppif"")"
"167","ACEVEDO_FGFR1_TARGETS_IN_PROSTATE_CANCER_MODEL_UP",0.00341296928327645,0.28839590443686,0.790470173475565,1.97012675700318,1,16,"c(`66166` = ""S100a14"", `16534` = ""Kcnn4"", `50932` = ""Mink1"", `229731` = ""Slc25a24"", `14284` = ""Fosl2"", `11977` = ""Atp7a"", `20874` = ""Slk"", `17069` = ""Ly6e"")"
"168","ZWANG_TRANSIENTLY_UP_BY_2ND_EGF_PULSE_ONLY",0.662731871838111,0.982470932812639,0.328335633350441,0.8551169147244,392,19,"c(`18671` = ""Abcb1a"", `56878` = ""Rbms1"", `16400` = ""Itga3"", `20352` = ""Sema4b"")"
"169","ZWANG_TRANSIENTLY_UP_BY_1ST_EGF_PULSE_ONLY",0.54590570719603,0.941408821593154,-0.294193124680988,-0.954114625563997,219,33,"c(`67579` = ""Cpeb4"", `14866` = ""Gstm5"", `20208` = ""Saa1"", `14828` = ""Hspa5"", `16206` = ""Lrig1"", `28064` = ""Yipf3"")"
